datetime,season,acd
10/28/08,2009.0,371.5850109666667
10/29/08,2009.0,724.1845349570834
10/30/08,2009.0,1279.3231997999999
10/31/08,2009.0,1271.2612586457144
11/1/08,2009.0,1612.0402539917854
11/2/08,2009.0,1568.134289135
11/3/08,2009.0,2284.9338832666667
11/4/08,2009.0,2645.8505343166667
11/5/08,2009.0,2834.0361291080776
11/6/08,2009.0,2599.732620475
11/7/08,2009.0,3348.0866671046147
11/8/08,2009.0,3536.215661455
11/9/08,2009.0,3531.534285170625
11/10/08,2009.0,4219.122833424
11/11/08,2009.0,4555.212002076876
11/12/08,2009.0,4595.271716870454
11/13/08,2009.0,5176.969385921667
11/14/08,2009.0,5319.156677587085
11/15/08,2009.0,5136.331440791249
11/16/08,2009.0,6348.305558781668
11/17/08,2009.0,6849.149039466666
11/18/08,2009.0,6060.541418472001
11/19/08,2009.0,7259.003994976001
11/20/08,2009.0,7374.3382829425
11/21/08,2009.0,7089.19076586846
11/22/08,2009.0,6931.909928256667
11/23/08,2009.0,8240.88316912
11/24/08,2009.0,8610.863387475
11/25/08,2009.0,7480.439185269
11/26/08,2009.0,8848.019463173847
11/27/08,2009.0,8495.380762725
11/28/08,2009.0,9439.792413545905
11/29/08,2009.0,9565.839778276362
11/30/08,2009.0,10129.297477733999
12/1/08,2009.0,9951.01807422
12/2/08,2009.0,10495.18031700375
12/3/08,2009.0,10056.304524612726
12/4/08,2009.0,14004.133493415
12/5/08,2009.0,10141.862121952725
12/6/08,2009.0,11850.5849017945
12/7/08,2009.0,11442.338849202502
12/8/08,2009.0,12078.276453846249
12/9/08,2009.0,12290.207516953891
12/10/08,2009.0,12200.593096717223
12/11/08,2009.0,12028.208733278334
12/12/08,2009.0,13206.756785577272
12/13/08,2009.0,12792.459083067
12/14/08,2009.0,14209.70086656875
12/15/08,2009.0,13930.962734194443
12/16/08,2009.0,13974.488063725837
12/17/08,2009.0,14178.544652238888
12/18/08,2009.0,18156.836900565
12/19/08,2009.0,14222.273939857914
12/20/08,2009.0,15938.974993801
12/21/08,2009.0,13309.77595824
12/22/08,2009.0,17100.08775020917
12/23/08,2009.0,15611.285178627919
12/25/08,2009.0,16521.895407096
12/26/08,2009.0,16695.133115800498
12/27/08,2009.0,16763.452733370003
12/28/08,2009.0,17807.915495878333
12/29/08,2009.0,17588.150911426874
12/30/08,2009.0,17413.193442903335
12/31/08,2009.0,18979.2901713725
1/2/09,2009.0,18711.666946573998
1/3/09,2009.0,19557.658904837856
1/4/09,2009.0,18031.9606856175
1/5/09,2009.0,21907.119781882997
1/6/09,2009.0,19088.93113602
1/7/09,2009.0,19834.613508399583
1/8/09,2009.0,21478.110875827497
1/9/09,2009.0,19877.90133744292
1/10/09,2009.0,20920.89019653833
1/11/09,2009.0,21871.639718180715
1/12/09,2009.0,20710.078615129172
1/13/09,2009.0,21346.196189055718
1/14/09,2009.0,22167.41949378909
1/15/09,2009.0,21536.152028131666
1/16/09,2009.0,22077.640527105
1/17/09,2009.0,23353.870968490563
1/18/09,2009.0,23752.998174300003
1/19/09,2009.0,22807.461232616257
1/20/09,2009.0,24410.525272121253
1/21/09,2009.0,23540.85474675
1/22/09,2009.0,23069.69591378
1/23/09,2009.0,23648.915864089
1/24/09,2009.0,24731.88129595833
1/25/09,2009.0,24568.735228633897
1/26/09,2009.0,25302.234823507857
1/27/09,2009.0,24331.059258245998
1/28/09,2009.0,25434.869020621252
1/29/09,2009.0,27754.871864290002
1/30/09,2009.0,25943.25120615819
1/31/09,2009.0,26672.991889121
2/1/09,2009.0,27194.3335824975
2/2/09,2009.0,27875.257774460635
2/3/09,2009.0,27246.291651751668
2/4/09,2009.0,27423.53086054092
2/5/09,2009.0,26276.069337513338
2/6/09,2009.0,27525.135015890002
2/7/09,2009.0,28196.62921422857
2/8/09,2009.0,28939.98687401
2/9/09,2009.0,27128.829653218752
2/10/09,2009.0,29376.542840367223
2/11/09,2009.0,28685.96140281791
2/12/09,2009.0,32488.376014103338
2/17/09,2009.0,29169.989542738494
2/18/09,2009.0,30617.327163060007
2/19/09,2009.0,30887.14987094
2/20/09,2009.0,30653.851024723182
2/21/09,2009.0,32765.494201030007
2/22/09,2009.0,30773.12074318
2/23/09,2009.0,31756.159114395836
2/24/09,2009.0,31888.70272848313
2/25/09,2009.0,32187.891261110908
2/26/09,2009.0,30607.57409624001
2/27/09,2009.0,32976.56251341577
2/28/09,2009.0,32082.760997744997
3/1/09,2009.0,33806.58016250833
3/2/09,2009.0,33373.90100285301
3/3/09,2009.0,34002.8616877675
3/4/09,2009.0,34152.756760973
3/5/09,2009.0,37651.846963125005
3/6/09,2009.0,34718.40052815549
3/7/09,2009.0,34106.048937370004
3/8/09,2009.0,35686.1284337045
3/9/09,2009.0,36450.28451172167
3/10/09,2009.0,35977.36662763358
3/11/09,2009.0,36119.152327218326
3/12/09,2009.0,38096.174515590006
3/13/09,2009.0,36023.848766681505
3/14/09,2009.0,37875.752132231675
3/15/09,2009.0,36906.40675583378
3/16/09,2009.0,38708.83523175301
3/17/09,2009.0,37815.84782896813
3/18/09,2009.0,38265.97158196288
3/19/09,2009.0,38680.98974614834
3/20/09,2009.0,38599.93559683802
3/21/09,2009.0,37900.29170350022
3/22/09,2009.0,39837.67706355307
3/23/09,2009.0,39888.3415493295
3/24/09,2009.0,39720.83161711001
3/25/09,2009.0,39928.40628397391
3/26/09,2009.0,40779.19748571334
3/27/09,2009.0,40713.97871628981
3/28/09,2009.0,39930.54384308333
3/29/09,2009.0,40633.80430225184
3/30/09,2009.0,42726.49045031701
3/31/09,2009.0,41101.64210930961
4/1/09,2009.0,42399.38501462518
4/2/09,2009.0,39903.69671529334
4/3/09,2009.0,43815.04995337551
4/4/09,2009.0,40961.58422003044
4/5/09,2009.0,43186.60608621119
4/7/09,2009.0,43935.05904126071
4/8/09,2009.0,43875.56321306254
4/9/09,2009.0,43465.15030423667
4/10/09,2009.0,44066.59227400754
4/11/09,2009.0,44627.82044869594
4/12/09,2009.0,45523.57551118359
4/13/09,2009.0,45336.16911201138
4/14/09,2009.0,44923.35203020001
4/15/09,2009.0,45573.65796740783
4/18/09,2009.0,45842.188864209995
4/19/09,2009.0,47223.753907427505
4/20/09,2009.0,46146.30119932999
4/21/09,2009.0,45928.07161240001
4/22/09,2009.0,47395.65128356334
4/23/09,2009.0,46895.10000506
4/24/09,2009.0,46772.452415408334
4/25/09,2009.0,48661.3634886425
4/26/09,2009.0,45950.011712045
4/27/09,2009.0,48437.50274725502
4/28/09,2009.0,49318.84767514875
4/29/09,2009.0,49564.5829453225
4/30/09,2009.0,50219.685476729996
5/1/09,2009.0,47977.889396350016
5/2/09,2009.0,46041.226468555
5/3/09,2009.0,48885.823650490005
5/4/09,2009.0,52335.030389194995
5/5/09,2009.0,45052.428918790014
5/6/09,2009.0,52335.030389194995
5/7/09,2009.0,40915.70034025002
5/8/09,2009.0,53580.197105695
5/9/09,2009.0,45660.62522539002
5/10/09,2009.0,53580.197105695
5/11/09,2009.0,45660.62522539002
5/12/09,2009.0,54825.363822195
5/13/09,2009.0,50514.059736530005
5/14/09,2009.0,56070.530538695006
5/17/09,2009.0,57315.697255195
5/19/09,2009.0,53539.11738753001
5/20/09,2009.0,50823.20660155002
5/21/09,2009.0,53539.11738753001
5/22/09,2009.0,50823.20660155002
5/23/09,2009.0,54371.00938023001
5/24/09,2009.0,51716.597325650015
5/25/09,2009.0,54371.00938023001
5/26/09,2009.0,51716.597325650015
5/27/09,2009.0,55202.90137293001
5/28/09,2009.0,52609.98804975001
5/29/09,2009.0,56034.793365630016
5/30/09,2009.0,53503.37877385001
6/4/09,2009.0,61201.238884599996
6/7/09,2009.0,61201.238884599996
6/9/09,2009.0,63403.9932086
6/11/09,2009.0,63403.9932086
6/14/09,2009.0,63403.9932086
10/27/09,2010.0,318.7219212625
10/28/09,2010.0,728.6120726374999
10/29/09,2010.0,596.0591329
10/30/09,2010.0,1264.3965651076921
10/31/09,2010.0,1852.1478852478572
11/1/09,2010.0,2067.7769343357145
11/2/09,2010.0,2484.6813936900003
11/3/09,2010.0,2375.0496917166665
11/4/09,2010.0,3119.6428873004998
11/5/09,2010.0,3003.923169875
11/6/09,2010.0,3292.5198554107697
11/7/09,2010.0,3654.5845790650005
11/8/09,2010.0,3922.2804150208326
11/9/09,2010.0,4280.968050525999
11/10/09,2010.0,4719.7283431675
11/11/09,2010.0,4665.065530719232
11/12/09,2010.0,4956.188241875
11/13/09,2010.0,5430.270836477776
11/14/09,2010.0,5256.2275738605
11/15/09,2010.0,6112.335856275
11/16/09,2010.0,5624.1252843933335
11/17/09,2010.0,6255.1753490950005
11/18/09,2010.0,6294.651522679585
11/19/09,2010.0,7428.6009234
11/20/09,2010.0,6881.5230373015
11/21/09,2010.0,7564.917929780557
11/22/09,2010.0,7557.376621176918
11/23/09,2010.0,7691.70215762125
11/24/09,2010.0,7965.7228435769175
11/25/09,2010.0,8435.696805853877
11/26/09,2010.0,9278.848040925
11/27/09,2010.0,8847.291617503042
11/28/09,2010.0,8502.901599847999
11/29/09,2010.0,9955.39717124565
11/30/09,2010.0,9015.81337727125
12/1/09,2010.0,10520.173242308583
12/2/09,2010.0,10649.28815131415
12/3/09,2010.0,10815.734262479999
12/4/09,2010.0,10552.826841495149
12/5/09,2010.0,11540.013332134997
12/6/09,2010.0,10613.2638075346
12/7/09,2010.0,11806.430488585376
12/8/09,2010.0,12207.182702134562
12/9/09,2010.0,12155.524654794059
12/10/09,2010.0,12713.01441921
12/11/09,2010.0,13288.704553998454
12/12/09,2010.0,13152.437608856875
12/13/09,2010.0,13330.578591247298
12/14/09,2010.0,13942.857535691426
12/15/09,2010.0,14227.817728467573
12/16/09,2010.0,13989.909182873454
12/17/09,2010.0,16587.3522910805
12/18/09,2010.0,14909.374461119818
12/19/09,2010.0,14510.44821305072
12/20/09,2010.0,15442.728453132355
12/21/09,2010.0,14775.482880746
12/22/09,2010.0,15731.970573952389
12/23/09,2010.0,17544.40079174365
12/25/09,2010.0,16778.840410811303
12/26/09,2010.0,16820.168954826655
12/27/09,2010.0,17007.22338715525
12/28/09,2010.0,17497.435816901645
12/29/09,2010.0,18368.307743641642
12/30/09,2010.0,18137.5018703488
12/31/09,2010.0,17373.787440171
1/1/10,2010.0,18625.8622529905
1/2/10,2010.0,19677.395177106377
1/3/10,2010.0,17302.605763713298
1/4/10,2010.0,19568.30624896125
1/5/10,2010.0,19172.6702719385
1/6/10,2010.0,20665.29059395465
1/7/10,2010.0,18123.242229611504
1/8/10,2010.0,20525.702042250126
1/9/10,2010.0,20670.081413983935
1/10/10,2010.0,20096.920025780255
1/11/10,2010.0,21704.27580003517
1/12/10,2010.0,20482.512894233
1/13/10,2010.0,22258.956023500727
1/14/10,2010.0,21586.455569955004
1/15/10,2010.0,22227.453741389847
1/16/10,2010.0,22045.415967262066
1/17/10,2010.0,22668.494530615004
1/18/10,2010.0,22926.17445039275
1/19/10,2010.0,24569.827978702502
1/20/10,2010.0,23687.302023978576
1/21/10,2010.0,22000.2076119975
1/22/10,2010.0,24008.702927487153
1/23/10,2010.0,25345.690278392653
1/24/10,2010.0,22090.23094681717
1/25/10,2010.0,25263.787620130555
1/26/10,2010.0,24736.656457849298
1/27/10,2010.0,25430.82758798741
1/28/10,2010.0,26187.057042860502
1/29/10,2010.0,25876.620644802213
1/30/10,2010.0,26289.312989544418
1/31/10,2010.0,26273.876118060885
2/1/10,2010.0,27192.341079075715
2/2/10,2010.0,26338.665389494498
2/3/10,2010.0,27000.885929561184
2/4/10,2010.0,29981.690608975005
2/5/10,2010.0,27234.5277044478
2/6/10,2010.0,28041.040589862096
2/7/10,2010.0,29749.876749719995
2/8/10,2010.0,30047.741494443337
2/9/10,2010.0,28118.526729933455
2/10/10,2010.0,29813.150749590648
2/11/10,2010.0,29179.881862764996
2/16/10,2010.0,30263.291661494306
2/17/10,2010.0,30298.42145790891
2/18/10,2010.0,28684.243064655002
2/19/10,2010.0,30544.67863455554
2/20/10,2010.0,29463.285360655933
2/21/10,2010.0,32576.274849572943
2/22/10,2010.0,29006.42455306431
2/23/10,2010.0,32974.015731706015
2/24/10,2010.0,31783.07671031818
2/25/10,2010.0,31678.56694894334
2/26/10,2010.0,32324.839399832203
2/27/10,2010.0,33764.83899258258
2/28/10,2010.0,32638.75471029456
3/1/10,2010.0,33549.08820716406
3/2/10,2010.0,34194.985419690005
3/3/10,2010.0,34539.588201889834
3/4/10,2010.0,35276.46759461001
3/5/10,2010.0,33109.34332970027
3/6/10,2010.0,34572.79840530161
3/7/10,2010.0,35467.37796476667
3/8/10,2010.0,35097.2231272989
3/9/10,2010.0,35791.14016167625
3/10/10,2010.0,35876.94766330217
3/11/10,2010.0,36847.00111772667
3/12/10,2010.0,35970.06902819745
3/13/10,2010.0,35641.00613155993
3/14/10,2010.0,38421.91863559625
3/15/10,2010.0,37012.662372203595
3/16/10,2010.0,36631.02010765225
3/17/10,2010.0,37413.644204369055
3/18/10,2010.0,41456.7374507325
3/19/10,2010.0,37671.723018966506
3/20/10,2010.0,38080.19805785901
3/21/10,2010.0,37603.58716938664
3/22/10,2010.0,40015.707652795296
3/23/10,2010.0,36837.11748311538
3/24/10,2010.0,40066.38603256436
3/25/10,2010.0,41189.30030147333
3/26/10,2010.0,39369.129301613146
3/27/10,2010.0,40987.4392725336
3/28/10,2010.0,41570.617180913505
3/29/10,2010.0,40131.14837014391
3/30/10,2010.0,39528.136001088
3/31/10,2010.0,41624.763370200744
4/1/10,2010.0,46800.365634285
4/2/10,2010.0,41350.63878317266
4/3/10,2010.0,42214.35491250423
4/4/10,2010.0,42734.878791706185
4/6/10,2010.0,41523.18811612905
4/7/10,2010.0,43895.86415555958
4/8/10,2010.0,41550.371777634995
4/9/10,2010.0,43572.249789733825
4/10/10,2010.0,43131.75021711476
4/11/10,2010.0,46527.025963037355
4/12/10,2010.0,44905.22495627178
4/13/10,2010.0,45950.04201572876
4/14/10,2010.0,45574.38238475033
4/17/10,2010.0,44357.984766552516
4/18/10,2010.0,48318.82693622751
4/19/10,2010.0,43081.00058889501
4/20/10,2010.0,47805.60769903503
4/21/10,2010.0,46661.407418595
4/22/10,2010.0,46903.33047482668
4/23/10,2010.0,48609.88284169835
4/24/10,2010.0,47953.81646436627
4/25/10,2010.0,46099.66064096375
4/26/10,2010.0,48462.92801361668
4/27/10,2010.0,46638.99255213501
4/28/10,2010.0,46029.98823586001
4/29/10,2010.0,52164.84479117003
4/30/10,2010.0,47632.25953287834
5/1/10,2010.0,44971.88846878
5/2/10,2010.0,47598.494095337504
5/3/10,2010.0,47898.46388324001
5/4/10,2010.0,49586.3424750425
5/5/10,2010.0,50825.03929770002
5/6/10,2010.0,48726.375185599994
5/7/10,2010.0,48599.13975164001
5/8/10,2010.0,50077.397910492495
5/9/10,2010.0,48599.13975164001
5/10/10,2010.0,50077.397910492495
5/11/10,2010.0,46072.95084758
5/13/10,2010.0,46623.48203698
5/16/10,2010.0,52833.13370538
5/17/10,2010.0,52405.52341728502
5/18/10,2010.0,52833.13370538
5/19/10,2010.0,52405.52341728502
5/22/10,2010.0,53948.133306380005
5/23/10,2010.0,52764.56802388502
5/24/10,2010.0,53948.133306380005
5/25/10,2010.0,52764.56802388502
5/26/10,2010.0,55063.13290738001
5/27/10,2010.0,53123.61263048502
5/28/10,2010.0,56178.13250838001
5/29/10,2010.0,53482.65723708502
6/3/10,2010.0,55629.85838686502
6/6/10,2010.0,55629.85838686502
6/8/10,2010.0,58227.71617286501
6/10/10,2010.0,58227.71617286501
6/13/10,2010.0,58227.71617286501
6/15/10,2010.0,60825.573958865
6/17/10,2010.0,60825.573958865
10/26/10,2011.0,823.2780515
10/27/10,2011.0,771.788129123077
10/28/10,2011.0,646.656281475
10/29/10,2011.0,1216.6866819541667
10/30/10,2011.0,1710.3420844888885
10/31/10,2011.0,1689.1839672250003
11/1/10,2011.0,2584.0613287666665
11/2/10,2011.0,2326.3062085799997
11/3/10,2011.0,2438.481583470834
11/4/10,2011.0,3313.52251969
11/5/10,2011.0,2713.2893953625
11/6/10,2011.0,3324.4274152200005
11/7/10,2011.0,4009.710622935833
11/8/10,2011.0,4452.5644348
11/9/10,2011.0,4086.134093954286
11/10/10,2011.0,4450.5440342885
11/11/10,2011.0,5028.0106531833335
11/12/10,2011.0,5192.145440229443
11/13/10,2011.0,5028.392520182778
11/14/10,2011.0,5778.15314171
11/15/10,2011.0,6013.591082262144
11/16/10,2011.0,5880.4453719164285
11/17/10,2011.0,6669.224936553999
11/18/10,2011.0,6919.921602526668
11/19/10,2011.0,6787.132767842728
11/20/10,2011.0,7429.2649237372225
11/21/10,2011.0,7368.83867165875
11/22/10,2011.0,8312.61548276625
11/23/10,2011.0,7067.758555565833
11/24/10,2011.0,8724.565358225
11/25/10,2011.0,7310.421248425
11/26/10,2011.0,8856.017184266668
11/27/10,2011.0,8741.661602871249
11/28/10,2011.0,10455.776142896875
11/29/10,2011.0,9858.300369524999
11/30/10,2011.0,10294.365786583785
12/1/10,2011.0,10516.675752448164
12/2/10,2011.0,10975.480995965001
12/3/10,2011.0,11056.725858951388
12/4/10,2011.0,10484.180749397501
12/5/10,2011.0,12330.375912132875
12/6/10,2011.0,12028.805811065002
12/7/10,2011.0,12090.003172899
12/8/10,2011.0,12621.507343326364
12/9/10,2011.0,12420.596119719332
12/10/10,2011.0,13761.836261068638
12/11/10,2011.0,12746.123230207497
12/12/10,2011.0,13842.284969593833
12/13/10,2011.0,14358.12524893
12/14/10,2011.0,14002.702764244712
12/15/10,2011.0,14257.67604026636
12/16/10,2011.0,13931.238287302665
12/17/10,2011.0,14971.968230272092
12/18/10,2011.0,15709.378539238749
12/19/10,2011.0,15202.453321652167
12/20/10,2011.0,16374.496318783886
12/21/10,2011.0,15163.883242624666
12/22/10,2011.0,15877.212100886445
12/23/10,2011.0,16927.560648818337
12/25/10,2011.0,18154.867228413004
12/26/10,2011.0,16359.02625750857
12/27/10,2011.0,17292.7737107578
12/28/10,2011.0,17194.020281615
12/29/10,2011.0,18043.039454887996
12/30/10,2011.0,18565.30865367333
12/31/10,2011.0,17863.587312970383
1/1/11,2011.0,18735.522910145377
1/2/11,2011.0,18338.41837556786
1/3/11,2011.0,20368.747450393337
1/4/11,2011.0,19814.109684634288
1/5/11,2011.0,19625.015794293908
1/6/11,2011.0,17702.881779425
1/7/11,2011.0,20951.135622975275
1/8/11,2011.0,19703.665959377253
1/9/11,2011.0,22274.148640766427
1/10/11,2011.0,20457.564812465
1/11/11,2011.0,21280.119917587504
1/12/11,2011.0,21584.327628051087
1/13/11,2011.0,24104.771014935002
1/14/11,2011.0,21436.94008126164
1/15/11,2011.0,22952.112876297004
1/16/11,2011.0,21464.005494375
1/17/11,2011.0,22794.620889029076
1/18/11,2011.0,24119.980676695006
1/19/11,2011.0,23669.191854984085
1/20/11,2011.0,21494.799175035
1/21/11,2011.0,24005.9829884528
1/22/11,2011.0,24291.145681329464
1/23/11,2011.0,21568.277154649993
1/24/11,2011.0,25521.782141846303
1/25/11,2011.0,22519.052831011002
1/26/11,2011.0,25981.400985543303
1/27/11,2011.0,29207.89993782667
1/28/11,2011.0,25623.83817238025
1/29/11,2011.0,25805.424760407874
1/30/11,2011.0,27269.351485859283
1/31/11,2011.0,26082.794743743285
2/1/11,2011.0,28199.181698382505
2/2/11,2011.0,27238.239107177997
2/3/11,2011.0,30115.64588777167
2/4/11,2011.0,27826.500552185247
2/5/11,2011.0,28658.74002727722
2/6/11,2011.0,28796.034860199507
2/7/11,2011.0,28699.42284824062
2/8/11,2011.0,30674.842565554285
2/9/11,2011.0,27812.0350435488
2/10/11,2011.0,27989.258821025
2/11/11,2011.0,30764.328975347802
2/12/11,2011.0,29917.81237104681
2/13/11,2011.0,29851.89392758688
2/14/11,2011.0,32268.385083373
2/15/11,2011.0,29917.663532048336
2/16/11,2011.0,31263.650142554252
2/17/11,2011.0,29197.0618691425
2/22/11,2011.0,31657.97512970055
2/23/11,2011.0,31717.659232928167
2/24/11,2011.0,33762.3730699125
2/25/11,2011.0,32560.518388277585
2/26/11,2011.0,31714.592699782163
2/27/11,2011.0,34080.8221639018
2/28/11,2011.0,31792.1548289126
3/1/11,2011.0,34286.08091821663
3/2/11,2011.0,33790.43754418781
3/3/11,2011.0,37624.560572745
3/4/11,2011.0,34227.10830060374
3/5/11,2011.0,34020.58709293633
3/6/11,2011.0,34842.98365575422
3/7/11,2011.0,36732.82154174757
3/8/11,2011.0,36439.405642690836
3/9/11,2011.0,34368.64256082237
3/10/11,2011.0,38682.576494012676
3/11/11,2011.0,35014.207274462
3/12/11,2011.0,37673.284288095
3/13/11,2011.0,35173.72518601134
3/14/11,2011.0,38398.192887790334
3/15/11,2011.0,36198.65950417451
3/16/11,2011.0,37883.39047246819
3/17/11,2011.0,36316.334993007
3/18/11,2011.0,37833.92866789716
3/19/11,2011.0,39521.16646713417
3/20/11,2011.0,38924.659231912345
3/21/11,2011.0,37095.861638128714
3/22/11,2011.0,38552.92526492668
3/23/11,2011.0,38817.88719963052
3/24/11,2011.0,44205.4248600025
3/25/11,2011.0,39661.2059014497
3/26/11,2011.0,37538.97346377933
3/27/11,2011.0,42511.04549394056
3/28/11,2011.0,40566.636391920496
3/29/11,2011.0,42366.13176363951
3/30/11,2011.0,41138.251495515964
3/31/11,2011.0,43402.236636175
4/1/11,2011.0,42287.86935800344
4/2/11,2011.0,40349.607569579
4/3/11,2011.0,42876.025083907516
4/5/11,2011.0,42243.72059005135
4/6/11,2011.0,43317.118590111466
4/7/11,2011.0,44295.670834145
4/8/11,2011.0,42651.67597906271
4/9/11,2011.0,44417.499670198995
4/10/11,2011.0,43554.07163176972
4/11/11,2011.0,44930.66259049632
4/12/11,2011.0,44844.20946889767
4/13/11,2011.0,45130.36735860684
4/16/11,2011.0,46445.955538877504
4/17/11,2011.0,47583.582873137006
4/18/11,2011.0,44367.847675770005
4/19/11,2011.0,47811.149838246005
4/20/11,2011.0,47983.00292726001
4/21/11,2011.0,47354.378067435006
4/22/11,2011.0,48281.34208434267
4/23/11,2011.0,46389.79460521625
4/24/11,2011.0,49192.66354369826
4/25/11,2011.0,49733.505937329996
4/26/11,2011.0,46167.347216011665
4/27/11,2011.0,49833.130953330015
4/28/11,2011.0,52609.865398975
4/29/11,2011.0,49240.341533335
5/1/11,2011.0,53006.08429669752
5/2/11,2011.0,46391.55439846251
5/3/11,2011.0,53006.08429669752
5/4/11,2011.0,46391.55439846251
5/6/11,2011.0,47306.027256412504
5/7/11,2011.0,53844.95211539752
5/8/11,2011.0,47306.027256412504
5/9/11,2011.0,53844.95211539752
5/10/11,2011.0,42151.31933772501
5/11/11,2011.0,54683.81993409752
5/12/11,2011.0,42739.439896625016
5/13/11,2011.0,50268.264710440024
5/15/11,2011.0,51548.64442731002
5/17/11,2011.0,52074.282482005015
5/18/11,2011.0,52406.674165780016
5/19/11,2011.0,52074.282482005015
5/21/11,2011.0,52262.87961230501
5/22/11,2011.0,53595.66402778002
5/23/11,2011.0,52262.87961230501
5/24/11,2011.0,53595.66402778002
5/25/11,2011.0,52451.47674260501
5/26/11,2011.0,54784.65388978002
5/31/11,2011.0,61582.31612285502
6/2/11,2011.0,61582.31612285502
6/5/11,2011.0,62694.140813855025
6/7/11,2011.0,62694.140813855025
6/9/11,2011.0,62694.140813855025
6/12/11,2011.0,63805.96550485503
12/25/11,2012.0,989.32291984
12/26/11,2012.0,1045.8156265875002
12/27/11,2012.0,1211.546215
12/28/11,2012.0,1616.1244839300002
12/29/11,2012.0,1697.1756066091666
12/30/11,2012.0,2141.921912014091
12/31/11,2012.0,2635.3437467357144
1/1/12,2012.0,2724.171767861667
1/2/12,2012.0,3304.699924395
1/3/12,2012.0,3277.5298698174997
1/4/12,2012.0,3892.9090596629176
1/5/12,2012.0,4134.5857589874995
1/6/12,2012.0,4628.3220381795845
1/7/12,2012.0,4803.5877256155
1/8/12,2012.0,4701.776419316667
1/9/12,2012.0,5474.696792725833
1/10/12,2012.0,5512.788330391364
1/11/12,2012.0,6314.789867667274
1/12/12,2012.0,6267.53502514
1/13/12,2012.0,6615.346014397725
1/14/12,2012.0,6799.660181506819
1/15/12,2012.0,6425.380547233333
1/16/12,2012.0,7543.123339270456
1/17/12,2012.0,8305.673421315
1/18/12,2012.0,7969.403744497273
1/19/12,2012.0,9523.256450766667
1/20/12,2012.0,8678.826173539092
1/21/12,2012.0,9016.794115267501
1/22/12,2012.0,8856.855952930999
1/23/12,2012.0,10109.024063302499
1/24/12,2012.0,10866.471734671
1/25/12,2012.0,10312.576501671538
1/26/12,2012.0,9993.238822975
1/27/12,2012.0,10964.675889067692
1/28/12,2012.0,11820.772479
1/29/12,2012.0,11650.852765945001
1/30/12,2012.0,11705.014323033889
1/31/12,2012.0,12884.38474093643
2/1/12,2012.0,12304.844971124681
2/2/12,2012.0,12765.037446699165
2/3/12,2012.0,13543.563245781648
2/4/12,2012.0,13691.579533413691
2/5/12,2012.0,14537.6808021
2/6/12,2012.0,14872.002259213801
2/7/12,2012.0,14809.979785558333
2/8/12,2012.0,14838.290292198131
2/9/12,2012.0,16591.263189167497
2/10/12,2012.0,15013.99418489454
2/11/12,2012.0,16261.997996896001
2/12/12,2012.0,15497.471643043582
2/13/12,2012.0,16346.447191794165
2/14/12,2012.0,17638.79235913405
2/15/12,2012.0,16700.103554107653
2/16/12,2012.0,16260.635869622667
2/17/12,2012.0,17978.34459924877
2/18/12,2012.0,17254.878570927
2/19/12,2012.0,18300.20446243395
2/20/12,2012.0,18654.341052426775
2/21/12,2012.0,18600.4317111353
2/22/12,2012.0,18789.018969122502
2/23/12,2012.0,20781.916975610002
2/28/12,2012.0,18669.54203148472
2/29/12,2012.0,19680.30074119138
3/1/12,2012.0,23286.49106976625
3/2/12,2012.0,20720.898555680546
3/3/12,2012.0,20505.27408680664
3/4/12,2012.0,21328.625169351377
3/5/12,2012.0,21766.858485812227
3/6/12,2012.0,21778.772569407916
3/7/12,2012.0,22432.379043079698
3/8/12,2012.0,23678.255776945003
3/9/12,2012.0,22306.54628033475
3/10/12,2012.0,22718.802947913613
3/11/12,2012.0,23842.304513345625
3/12/12,2012.0,22514.953809069644
3/13/12,2012.0,24847.88701701437
3/14/12,2012.0,24205.787688101453
3/15/12,2012.0,24297.348641170003
3/16/12,2012.0,24627.06433237523
3/17/12,2012.0,23609.455195537623
3/18/12,2012.0,26858.171807209565
3/19/12,2012.0,24764.68582485266
3/20/12,2012.0,27497.289469987147
3/21/12,2012.0,25513.616151470247
3/22/12,2012.0,27108.542025203336
3/23/12,2012.0,26250.864957648857
3/24/12,2012.0,26229.341639970837
3/25/12,2012.0,27719.64210165313
3/26/12,2012.0,27236.500974411392
3/27/12,2012.0,28812.355493657145
3/28/12,2012.0,27769.346038887255
3/29/12,2012.0,29212.87719310001
3/30/12,2012.0,28740.81934208854
3/31/12,2012.0,29255.946023905315
4/1/12,2012.0,30033.996549905005
4/2/12,2012.0,30775.436259608337
4/3/12,2012.0,29619.679248390315
4/4/12,2012.0,30412.77241206759
4/5/12,2012.0,29143.830478377873
4/6/12,2012.0,30802.114276064323
4/7/12,2012.0,32810.50437637
4/8/12,2012.0,29760.439427308218
4/9/12,2012.0,32727.03252073215
4/10/12,2012.0,30546.264813716
4/11/12,2012.0,33455.726150345
4/12/12,2012.0,32781.226872961306
4/13/12,2012.0,32778.57382548147
4/14/12,2012.0,33329.50573814086
4/15/12,2012.0,33722.51581228684
4/16/12,2012.0,34483.93509149522
4/17/12,2012.0,32811.780603836305
4/18/12,2012.0,34541.53955395932
4/19/12,2012.0,35467.4028892356
4/20/12,2012.0,35017.89150263942
4/21/12,2012.0,36254.10779711157
4/22/12,2012.0,36693.658324435506
4/23/12,2012.0,32446.965535211257
4/24/12,2012.0,39507.35729841031
4/25/12,2012.0,34443.8970332888
4/26/12,2012.0,36950.8222895635
4/28/12,2012.0,36124.13318558575
4/29/12,2012.0,39884.668185722505
4/30/12,2012.0,37664.254734396
5/1/12,2012.0,36669.369908069995
5/2/12,2012.0,40324.49353398001
5/3/12,2012.0,37576.9209371915
5/4/12,2012.0,37481.63363130333
5/5/12,2012.0,39562.40363267126
5/6/12,2012.0,38254.306578136995
5/7/12,2012.0,41864.47451541752
5/8/12,2012.0,38910.266827928746
5/9/12,2012.0,42978.22347381901
5/10/12,2012.0,39106.161077770004
5/11/12,2012.0,45897.600723000025
5/12/12,2012.0,40459.221702655006
5/13/12,2012.0,43916.643387383265
5/14/12,2012.0,39032.3085525075
5/15/12,2012.0,42135.16665950076
5/16/12,2012.0,39169.1320351575
5/17/12,2012.0,42646.96760800076
5/18/12,2012.0,39760.4020541575
5/19/12,2012.0,44223.47936484501
5/20/12,2012.0,43250.947315500765
5/21/12,2012.0,40488.4955558075
5/22/12,2012.0,42378.00727076651
5/23/12,2012.0,36768.62856646
5/24/12,2012.0,43401.60916776651
5/26/12,2012.0,37042.27553176001
5/27/12,2012.0,39151.05802043999
5/28/12,2012.0,45151.94535181651
5/29/12,2012.0,39151.05802043999
5/30/12,2012.0,45151.94535181651
5/31/12,2012.0,39570.478310839986
6/1/12,2012.0,46407.3310108165
6/2/12,2012.0,39570.478310839986
6/3/12,2012.0,46407.3310108165
6/4/12,2012.0,39989.89860123999
6/5/12,2012.0,47662.71666981651
6/6/12,2012.0,40409.31889163999
6/7/12,2012.0,48918.1023288165
6/9/12,2012.0,50173.48798781651
6/12/12,2012.0,47889.77922976649
6/14/12,2012.0,47889.77922976649
6/17/12,2012.0,49115.78815076649
6/19/12,2012.0,49115.78815076649
6/21/12,2012.0,49115.78815076649
10/30/12,2013.0,811.6326613166667
10/31/12,2013.0,835.3680366166668
11/1/12,2013.0,640.3491536500001
11/2/12,2013.0,1249.5243092375001
11/3/12,2013.0,1550.667640195
11/4/12,2013.0,1419.2011104570001
11/5/12,2013.0,2206.2381738131253
11/6/12,2013.0,2087.04283335
11/7/12,2013.0,2652.809718698077
11/8/12,2013.0,1863.3810714249998
11/9/12,2013.0,3298.0966696688474
11/10/12,2013.0,3938.902330997222
11/11/12,2013.0,3474.4533326599994
11/12/12,2013.0,4642.3294499625
11/13/12,2013.0,3733.3949879616666
11/14/12,2013.0,4630.9165424355
11/15/12,2013.0,5105.895645950001
11/16/12,2013.0,5227.673231044444
11/17/12,2013.0,5511.0358090975005
11/18/12,2013.0,5367.489421371874
11/19/12,2013.0,6270.925842851428
11/20/12,2013.0,4689.579092946667
11/21/12,2013.0,6300.292518773573
11/23/12,2013.0,7142.1254705383335
11/24/12,2013.0,6880.508411453749
11/25/12,2013.0,8215.748571953334
11/26/12,2013.0,8313.472107203563
11/27/12,2013.0,7791.089854385001
11/28/12,2013.0,8470.753491672593
11/29/12,2013.0,9678.5067128525
11/30/12,2013.0,8648.569959667135
12/1/12,2013.0,9207.58521817
12/2/12,2013.0,9245.850660059252
12/3/12,2013.0,10360.214734769168
12/4/12,2013.0,9068.371251593333
12/5/12,2013.0,10152.77557453259
12/6/12,2013.0,12020.57734405925
12/7/12,2013.0,10053.292324525832
12/8/12,2013.0,10392.66114514085
12/9/12,2013.0,11905.40424459725
12/10/12,2013.0,11078.054142855
12/11/12,2013.0,11487.696404589402
12/12/12,2013.0,11524.232080112306
12/13/12,2013.0,12001.481248440168
12/14/12,2013.0,12496.274046834087
12/15/12,2013.0,12553.815152615547
12/16/12,2013.0,13057.225159230002
12/17/12,2013.0,12990.694222383418
12/18/12,2013.0,13680.424731080999
12/19/12,2013.0,13533.814537476726
12/20/12,2013.0,15141.628697485
12/21/12,2013.0,14066.581156593049
12/22/12,2013.0,14825.209161673889
12/23/12,2013.0,15248.569358167915
12/25/12,2013.0,14877.8001843145
12/26/12,2013.0,15768.13480381979
12/27/12,2013.0,16490.476678190003
12/28/12,2013.0,16413.361724831455
12/29/12,2013.0,16125.540875876091
12/30/12,2013.0,17377.384971786247
12/31/12,2013.0,15869.000340439497
1/1/13,2013.0,17691.880419401747
1/2/13,2013.0,17455.05478343642
1/3/13,2013.0,20514.214205810254
1/4/13,2013.0,17357.160872861095
1/5/13,2013.0,18982.007405697754
1/6/13,2013.0,18424.504347219998
1/7/13,2013.0,20007.678327797214
1/8/13,2013.0,18101.8010575364
1/9/13,2013.0,19784.38700140682
1/10/13,2013.0,20537.684704473504
1/11/13,2013.0,20224.019530142505
1/12/13,2013.0,19928.300376635623
1/13/13,2013.0,20663.04648230679
1/14/13,2013.0,21289.293427097502
1/15/13,2013.0,20578.733012339504
1/16/13,2013.0,21430.6668574617
1/17/13,2013.0,21118.782962722627
1/18/13,2013.0,21637.073197391335
1/19/13,2013.0,22344.01523390813
1/20/13,2013.0,23211.33772070875
1/21/13,2013.0,22157.507019343448
1/22/13,2013.0,22560.392788261248
1/23/13,2013.0,23303.3493712305
1/24/13,2013.0,24208.453675550172
1/25/13,2013.0,23864.101604244046
1/26/13,2013.0,24245.529132894597
1/27/13,2013.0,24668.364856212214
1/28/13,2013.0,24533.294007087214
1/29/13,2013.0,24913.342478937502
1/30/13,2013.0,24950.308580657464
1/31/13,2013.0,27198.7248246025
2/1/13,2013.0,25525.807284015795
2/2/13,2013.0,26254.04255518433
2/3/13,2013.0,25371.312146595
2/4/13,2013.0,26457.357809806123
2/5/13,2013.0,26438.619338883098
2/6/13,2013.0,26849.388147187277
2/7/13,2013.0,26106.2783584975
2/8/13,2013.0,27194.734117141634
2/9/13,2013.0,27283.066305098
2/10/13,2013.0,28766.39599827828
2/11/13,2013.0,26486.24074462194
2/12/13,2013.0,30148.95828482417
2/13/13,2013.0,28181.217613913705
2/14/13,2013.0,30884.921309120004
2/19/13,2013.0,29801.011835307658
2/20/13,2013.0,28630.795740930866
2/21/13,2013.0,30474.628479822502
2/22/13,2013.0,30346.556963127045
2/23/13,2013.0,29323.54391009407
2/24/13,2013.0,30923.153963226225
2/25/13,2013.0,30347.593367272504
2/26/13,2013.0,30802.402077791754
2/27/13,2013.0,32100.3117183054
2/28/13,2013.0,29719.02552718834
3/1/13,2013.0,32185.837391462046
3/2/13,2013.0,30628.185533806376
3/3/13,2013.0,31879.079620646004
3/4/13,2013.0,33061.98332849414
3/5/13,2013.0,34505.07633772834
3/6/13,2013.0,33160.40772995997
3/7/13,2013.0,35385.56517822025
3/8/13,2013.0,33842.6329410295
3/9/13,2013.0,34824.22403282943
3/10/13,2013.0,34164.991667745395
3/11/13,2013.0,34820.6427719992
3/12/13,2013.0,35345.6720218705
3/13/13,2013.0,35789.27368181687
3/14/13,2013.0,37329.52158947525
3/15/13,2013.0,36069.77465559985
3/16/13,2013.0,34944.92501037584
3/17/13,2013.0,37468.080129119946
3/18/13,2013.0,36742.812546256
3/19/13,2013.0,38594.05316149087
3/20/13,2013.0,37396.661252173595
3/21/13,2013.0,38695.70091988501
3/22/13,2013.0,38223.97725058673
3/23/13,2013.0,37512.55166616301
3/24/13,2013.0,38972.04267862507
3/25/13,2013.0,39012.56677740891
3/26/13,2013.0,39635.37476052518
3/27/13,2013.0,39515.69789519032
3/28/13,2013.0,39994.86716709333
3/29/13,2013.0,39738.797679552226
3/30/13,2013.0,40798.1006536679
3/31/13,2013.0,38074.265455947105
4/1/13,2013.0,40205.98885482295
4/2/13,2013.0,41458.48832683851
4/3/13,2013.0,41172.95531762705
4/4/13,2013.0,41073.404867408506
4/5/13,2013.0,41687.95548847575
4/6/13,2013.0,40267.548296485074
4/7/13,2013.0,43033.195047067115
4/9/13,2013.0,42060.99200283761
4/10/13,2013.0,42883.617769970406
4/11/13,2013.0,42951.08873108275
4/12/13,2013.0,43133.680987142936
4/13/13,2013.0,45421.14929730963
4/14/13,2013.0,42935.93962457575
4/15/13,2013.0,44073.19734288404
4/16/13,2013.0,44158.866552825006
4/17/13,2013.0,44683.717421563306
4/20/13,2013.0,46504.947719010255
4/21/13,2013.0,45293.07203743625
4/22/13,2013.0,45501.80617693026
4/23/13,2013.0,47139.41883483517
4/24/13,2013.0,44923.40338914
4/25/13,2013.0,46998.477766295175
4/26/13,2013.0,48261.40753671017
4/27/13,2013.0,45377.47691963263
4/28/13,2013.0,48113.50615161387
4/29/13,2013.0,43923.324836696826
4/30/13,2013.0,50868.79237271751
5/1/13,2013.0,45544.822585718495
5/2/13,2013.0,47462.75370775774
5/3/13,2013.0,47832.103262848876
5/4/13,2013.0,45019.97088152051
5/5/13,2013.0,47201.572968607754
5/6/13,2013.0,48717.81754808
5/7/13,2013.0,47201.572968607754
5/8/13,2013.0,48717.81754808
5/10/13,2013.0,50057.63502258
5/11/13,2013.0,47735.73165335776
5/12/13,2013.0,50245.14347859498
5/13/13,2013.0,51159.58183881251
5/14/13,2013.0,47379.107380625246
5/15/13,2013.0,51965.251759012506
5/16/13,2013.0,48447.413619675244
5/18/13,2013.0,44314.36097785551
5/19/13,2013.0,54717.69769575499
5/21/13,2013.0,54717.69769575499
5/22/13,2013.0,47359.417159005
5/24/13,2013.0,47359.417159005
5/25/13,2013.0,55346.444887454985
5/26/13,2013.0,48383.019056004996
5/27/13,2013.0,55346.444887454985
5/28/13,2013.0,48383.019056004996
5/30/13,2013.0,49406.620953005
6/1/13,2013.0,50430.222850005
6/3/13,2013.0,51453.824747005
6/6/13,2013.0,55691.08313994999
6/9/13,2013.0,55691.08313994999
6/11/13,2013.0,56836.98762794999
6/13/13,2013.0,56836.98762794999
6/16/13,2013.0,56836.98762794999
6/18/13,2013.0,57982.89211594999
6/20/13,2013.0,57982.89211594999
10/29/13,2014.0,571.8270081166667
10/30/13,2014.0,648.6690698964287
10/31/13,2014.0,1170.912736275
11/1/13,2014.0,1205.4480130707693
11/2/13,2014.0,1693.139238813125
11/3/13,2014.0,1977.0214344283334
11/4/13,2014.0,1955.6886199
11/5/13,2014.0,2378.7460103144444
11/6/13,2014.0,2851.7984946050005
11/7/13,2014.0,3668.04491009
11/8/13,2014.0,2982.9184042758347
11/9/13,2014.0,3554.3276574366664
11/10/13,2014.0,4056.9099303000003
11/11/13,2014.0,4376.783821531667
11/12/13,2014.0,4729.785388830001
11/13/13,2014.0,4692.148171824583
11/14/13,2014.0,5875.0262346925
11/15/13,2014.0,5021.36172201091
11/16/13,2014.0,5765.225251873182
11/17/13,2014.0,4933.306368921666
11/18/13,2014.0,6502.0662220916665
11/19/13,2014.0,6260.249180853999
11/20/13,2014.0,6753.467871746538
11/21/13,2014.0,7011.4602893
11/22/13,2014.0,7596.310123808179
11/23/13,2014.0,7417.201715135003
11/24/13,2014.0,7845.215390143001
11/25/13,2014.0,8336.753152305002
11/26/13,2014.0,8583.361177550001
11/27/13,2014.0,8973.552778022691
11/29/13,2014.0,8891.823876331153
11/30/13,2014.0,10696.07009073143
12/1/13,2014.0,9181.5762462775
12/2/13,2014.0,10540.956828601
12/3/13,2014.0,9876.66026479875
12/4/13,2014.0,10978.683206910715
12/5/13,2014.0,11415.560325939501
12/6/13,2014.0,10737.4680053417
12/7/13,2014.0,11303.100632878335
12/8/13,2014.0,11373.366345154402
12/9/13,2014.0,10872.512842050002
12/10/13,2014.0,12598.93585815819
12/11/13,2014.0,12065.867748712835
12/12/13,2014.0,14457.054766867499
12/13/13,2014.0,12530.764204722733
12/14/13,2014.0,13076.378745918373
12/15/13,2014.0,13161.953353193334
12/16/13,2014.0,14111.549705202562
12/17/13,2014.0,13039.92883103
12/18/13,2014.0,14025.198262062419
12/19/13,2014.0,16955.73306936
12/20/13,2014.0,14148.75322118111
12/21/13,2014.0,14619.603377697835
12/22/13,2014.0,15947.100552916168
12/23/13,2014.0,15213.43546696973
12/25/13,2014.0,17454.924853763398
12/26/13,2014.0,16878.971179645003
12/27/13,2014.0,16025.204431165055
12/28/13,2014.0,16245.453985799919
12/29/13,2014.0,17148.715568383
12/30/13,2014.0,17168.100055760504
12/31/13,2014.0,17638.715340319188
1/1/14,2014.0,16689.696680445704
1/2/14,2014.0,17864.896345335612
1/3/14,2014.0,18558.526818511287
1/4/14,2014.0,18242.85685545056
1/5/14,2014.0,18142.421595029864
1/6/14,2014.0,20271.358842088335
1/7/14,2014.0,19014.645602843255
1/8/14,2014.0,20550.052894519667
1/9/14,2014.0,19429.1260855835
1/10/14,2014.0,19764.31240878171
1/11/14,2014.0,19925.652988262118
1/12/14,2014.0,19694.934501581665
1/13/14,2014.0,20283.042755837716
1/14/14,2014.0,18997.25372638175
1/15/14,2014.0,21260.259519147545
1/16/14,2014.0,21234.71829896567
1/17/14,2014.0,21875.58174385729
1/18/14,2014.0,22394.870061265876
1/19/14,2014.0,22299.900367367703
1/20/14,2014.0,22152.067401772405
1/21/14,2014.0,23527.089146267102
1/22/14,2014.0,22009.082295631404
1/23/14,2014.0,24030.49921770925
1/24/14,2014.0,23251.314049375193
1/25/14,2014.0,23481.774502476692
1/26/14,2014.0,24416.700389422822
1/27/14,2014.0,24495.116006453914
1/28/14,2014.0,24694.109112292725
1/29/14,2014.0,24562.58453221505
1/30/14,2014.0,25814.835613907333
1/31/14,2014.0,26177.34493433482
2/1/14,2014.0,25250.681431083547
2/2/14,2014.0,26912.9390962835
2/3/14,2014.0,25454.93168050932
2/4/14,2014.0,28809.378657336252
2/5/14,2014.0,26831.462143740213
2/6/14,2014.0,28219.36109210925
2/7/14,2014.0,27173.762553071756
2/8/14,2014.0,28997.67318409193
2/9/14,2014.0,27119.35971492157
2/10/14,2014.0,28651.137377283918
2/11/14,2014.0,28926.05026524601
2/12/14,2014.0,28499.14858544047
2/13/14,2014.0,30745.928223764255
2/18/14,2014.0,28392.29922361656
2/19/14,2014.0,30054.584883712956
2/20/14,2014.0,31117.26580269451
2/21/14,2014.0,30290.381766707556
2/22/14,2014.0,30228.497731539064
2/23/14,2014.0,31120.49303428257
2/24/14,2014.0,31173.6450119921
2/25/14,2014.0,31072.811474157646
2/26/14,2014.0,32403.687122037198
2/27/14,2014.0,29204.966096865628
2/28/14,2014.0,33148.60268456529
3/1/14,2014.0,31471.821920854894
3/2/14,2014.0,33032.05633619886
3/3/14,2014.0,32767.811845041568
3/4/14,2014.0,33667.722850073085
3/5/14,2014.0,33338.68884691225
3/6/14,2014.0,35855.19210231784
3/7/14,2014.0,34254.88931564764
3/8/14,2014.0,33183.25573950425
3/9/14,2014.0,35189.91756016284
3/10/14,2014.0,33589.85159999465
3/11/14,2014.0,35976.2658547055
3/12/14,2014.0,35107.66033029283
3/13/14,2014.0,36667.735896863334
3/14/14,2014.0,36147.336431581556
3/15/14,2014.0,33775.49403973233
3/16/14,2014.0,37470.91385686691
3/17/14,2014.0,36288.15826792172
3/18/14,2014.0,37856.9837404574
3/19/14,2014.0,36862.82710696876
3/20/14,2014.0,39117.60259981588
3/21/14,2014.0,36944.40855178612
3/22/14,2014.0,37874.10105175106
3/23/14,2014.0,38261.367987109865
3/24/14,2014.0,38522.876685924195
3/25/14,2014.0,40002.528339756755
3/26/14,2014.0,38661.9833317226
3/27/14,2014.0,40687.41798128125
3/28/14,2014.0,40044.89908001385
3/29/14,2014.0,39184.85913761033
3/30/14,2014.0,41229.75753573113
3/31/14,2014.0,39923.346770185744
4/1/14,2014.0,43434.05700918284
4/2/14,2014.0,41022.90065733458
4/3/14,2014.0,43034.835967122504
4/4/14,2014.0,41582.26123138593
4/5/14,2014.0,40494.606527670425
4/6/14,2014.0,43376.35998157507
4/8/14,2014.0,43590.29022964151
4/9/14,2014.0,42233.019675872165
4/10/14,2014.0,45410.36895154501
4/11/14,2014.0,43500.433445141774
4/12/14,2014.0,43058.11354644256
4/13/14,2014.0,44623.14366309108
4/14/14,2014.0,45071.87232047705
4/15/14,2014.0,42529.885189935514
4/16/14,2014.0,44842.450925850004
4/19/14,2014.0,44987.559859067645
4/20/14,2014.0,45490.602668198
4/21/14,2014.0,47815.239439682526
4/22/14,2014.0,42045.09003881468
4/23/14,2014.0,46715.63370441784
4/24/14,2014.0,46880.261235355014
4/25/14,2014.0,44983.241029511344
4/26/14,2014.0,45641.862510990875
4/27/14,2014.0,46054.93462577475
4/28/14,2014.0,45288.24227178783
4/29/14,2014.0,46725.86677596784
4/30/14,2014.0,47193.69022684685
5/1/14,2014.0,47675.78187935502
5/2/14,2014.0,48004.200516713514
5/3/14,2014.0,48073.54220135502
5/4/14,2014.0,44623.55418677526
5/5/14,2014.0,45621.60967759926
5/6/14,2014.0,50283.52725323201
5/7/14,2014.0,45621.60967759926
5/8/14,2014.0,50283.52725323201
5/9/14,2014.0,46459.28358244926
5/10/14,2014.0,51688.10302573201
5/11/14,2014.0,46459.28358244926
5/12/14,2014.0,51688.10302573201
5/13/14,2014.0,47296.95748729926
5/14/14,2014.0,53092.67879823201
5/15/14,2014.0,48134.63139214926
5/18/14,2014.0,46906.0388470685
5/19/14,2014.0,54059.66294124001
5/20/14,2014.0,46906.0388470685
5/21/14,2014.0,54059.66294124001
5/24/14,2014.0,47929.6407440685
5/25/14,2014.0,54479.083231640005
5/26/14,2014.0,47929.6407440685
5/27/14,2014.0,54479.083231640005
5/28/14,2014.0,48953.2426410685
5/29/14,2014.0,54898.50352204
5/30/14,2014.0,49976.8445380685
5/31/14,2014.0,55317.92381244
6/5/14,2014.0,54727.0717999085
6/8/14,2014.0,54727.0717999085
6/10/14,2014.0,55872.9762879085
6/12/14,2014.0,55872.9762879085
6/15/14,2014.0,57018.8807759085
10/28/14,2015.0,881.1503208500002
10/29/14,2015.0,662.1882264962501
10/30/14,2015.0,1641.0559843300002
10/31/14,2015.0,1072.7797086166668
11/1/14,2015.0,1631.2734081508333
11/2/14,2015.0,1302.46029094
11/3/14,2015.0,2269.639640316667
11/4/14,2015.0,2451.79542669375
11/5/14,2015.0,2527.3643629075
11/6/14,2015.0,3185.4678648500003
11/7/14,2015.0,3287.9985817072734
11/8/14,2015.0,3155.2829648049997
11/9/14,2015.0,3942.764583644999
11/10/14,2015.0,3698.083443236
11/11/14,2015.0,4826.149792201667
11/12/14,2015.0,4732.613160883334
11/13/14,2015.0,4556.7576066225
11/14/14,2015.0,5482.260540780002
11/15/14,2015.0,5247.572576214
11/16/14,2015.0,6404.747144790001
11/17/14,2015.0,6122.765364347778
11/18/14,2015.0,7110.939991437499
11/19/14,2015.0,6824.751929368183
11/20/14,2015.0,6356.43494249
11/21/14,2015.0,7277.490947332499
11/22/14,2015.0,7465.373393903889
11/23/14,2015.0,8630.509476942
11/24/14,2015.0,7816.978377228572
11/25/14,2015.0,7752.044718418001
11/26/14,2015.0,8518.390944098463
11/28/14,2015.0,9103.703505253332
11/29/14,2015.0,8730.034027245
11/30/14,2015.0,9862.621408507499
12/1/14,2015.0,9612.867476729998
12/2/14,2015.0,10175.65271377585
12/3/14,2015.0,10393.784679581699
12/4/14,2015.0,10520.974210170001
12/5/14,2015.0,11093.487788186416
12/6/14,2015.0,11492.304938621668
12/7/14,2015.0,11549.026172325714
12/8/14,2015.0,11360.373600510999
12/9/14,2015.0,12558.301625012498
12/10/14,2015.0,12894.9452070027
12/11/14,2015.0,12644.4517196775
12/12/14,2015.0,12958.78080701558
12/13/14,2015.0,13457.62998803775
12/14/14,2015.0,14844.633333851429
12/15/14,2015.0,13872.749465455001
12/16/14,2015.0,14473.389783401168
12/17/14,2015.0,15308.174890512202
12/18/14,2015.0,15266.398798949998
12/19/14,2015.0,15449.6339776112
12/20/14,2015.0,16416.827608679283
12/21/14,2015.0,15321.86763042911
12/22/14,2015.0,16548.344016600004
12/23/14,2015.0,16677.244575043816
12/25/14,2015.0,17470.478059852998
12/26/14,2015.0,17335.95933773427
12/27/14,2015.0,16855.1928229057
12/28/14,2015.0,19051.211374868333
12/29/14,2015.0,17631.01709559367
12/30/14,2015.0,18548.1783423697
12/31/14,2015.0,18662.497596755715
1/1/15,2015.0,18810.572050845003
1/2/15,2015.0,18835.99157140973
1/3/15,2015.0,19445.880882124373
1/4/15,2015.0,19792.094742601166
1/5/15,2015.0,20103.657370344274
1/6/15,2015.0,20652.39293281
1/7/15,2015.0,20616.091529865538
1/8/15,2015.0,22575.59776231833
1/9/15,2015.0,21099.617769991542
1/10/15,2015.0,21372.271568312444
1/11/15,2015.0,22008.686556893
1/12/15,2015.0,21153.5082422255
1/13/15,2015.0,22491.45601870072
1/14/15,2015.0,22017.6892163542
1/15/15,2015.0,24063.62910234333
1/16/15,2015.0,22941.333750435915
1/17/15,2015.0,22293.5915365065
1/18/15,2015.0,25138.762462360002
1/19/15,2015.0,23566.16159053167
1/20/15,2015.0,27345.696383367496
1/21/15,2015.0,24897.853224296417
1/22/15,2015.0,24042.047046531752
1/23/15,2015.0,25594.140144302728
1/24/15,2015.0,23851.308995045398
1/25/15,2015.0,26010.419882302274
1/26/15,2015.0,27024.189806038
1/27/15,2015.0,25587.440903540002
1/28/15,2015.0,26043.99135200473
1/29/15,2015.0,28568.553647489996
1/30/15,2015.0,26667.508225727444
1/31/15,2015.0,27031.22053037136
2/1/15,2015.0,30882.574212237498
2/2/15,2015.0,27049.208561543997
2/3/15,2015.0,28453.210385257
2/4/15,2015.0,28997.310641617907
2/5/15,2015.0,27695.23784935125
2/6/15,2015.0,29254.634096974205
2/7/15,2015.0,28047.867403524862
2/8/15,2015.0,29585.541658487215
2/9/15,2015.0,30326.67709838322
2/10/15,2015.0,30658.5309242734
2/11/15,2015.0,30790.63224363391
2/12/15,2015.0,25564.858254435
2/19/15,2015.0,31766.7372377825
2/20/15,2015.0,31414.656399867228
2/21/15,2015.0,31398.089488849004
2/22/15,2015.0,31645.112551806895
2/23/15,2015.0,32270.420135605873
2/24/15,2015.0,29499.113097238755
2/25/15,2015.0,33194.51765825616
2/26/15,2015.0,32842.12627618501
2/27/15,2015.0,32838.354106247076
2/28/15,2015.0,32651.361456523424
3/1/15,2015.0,34060.756769141255
3/2/15,2015.0,33991.4380751254
3/3/15,2015.0,33629.95764297458
3/4/15,2015.0,35231.95504121646
3/5/15,2015.0,35998.37065531251
3/6/15,2015.0,34819.43686631934
3/7/15,2015.0,35677.59582849087
3/8/15,2015.0,35523.598835160294
3/9/15,2015.0,36068.43549327776
3/10/15,2015.0,35644.12611412483
3/11/15,2015.0,37062.8363030717
3/12/15,2015.0,36894.935759847394
3/13/15,2015.0,37337.15744388277
3/14/15,2015.0,35472.65743860899
3/15/15,2015.0,38575.10164479026
3/16/15,2015.0,38586.18825241069
3/17/15,2015.0,37624.43637458241
3/18/15,2015.0,37555.153932912006
3/19/15,2015.0,42211.248629073
3/20/15,2015.0,38339.472115622
3/21/15,2015.0,39613.892301155414
3/22/15,2015.0,39414.89422033291
3/23/15,2015.0,39468.668122639
3/24/15,2015.0,40574.290244434174
3/25/15,2015.0,41025.472692071846
3/26/15,2015.0,36845.71563962
3/27/15,2015.0,41722.768511036076
3/28/15,2015.0,41828.1705144184
3/29/15,2015.0,41667.03471941856
3/30/15,2015.0,43176.028678082854
3/31/15,2015.0,41506.26933934676
4/1/15,2015.0,42191.07766517979
4/2/15,2015.0,44520.902675185
4/3/15,2015.0,42638.87900156611
4/4/15,2015.0,43509.04294988591
4/5/15,2015.0,43496.98319019886
4/6/15,2015.0,48709.45815506402
4/7/15,2015.0,46023.758100524174
4/8/15,2015.0,43560.67205217969
4/9/15,2015.0,49378.096228650014
4/10/15,2015.0,43870.53289363842
4/11/15,2015.0,46163.00732360117
4/12/15,2015.0,44063.033640944894
4/13/15,2015.0,46101.19077701092
4/14/15,2015.0,43467.94172574833
4/15/15,2015.0,45856.61675172329
4/18/15,2015.0,44145.118429486254
4/19/15,2015.0,47032.24148153225
4/20/15,2015.0,44968.63794309751
4/21/15,2015.0,43140.60424190166
4/22/15,2015.0,48450.11701072467
4/23/15,2015.0,45090.350292803334
4/24/15,2015.0,45035.405175801665
4/25/15,2015.0,48302.2157638685
4/26/15,2015.0,44608.840402689995
4/27/15,2015.0,47237.434528493
4/28/15,2015.0,48647.9431649725
4/29/15,2015.0,51931.33634020951
4/30/15,2015.0,45414.78087633749
5/1/15,2015.0,44900.934304419
5/2/15,2015.0,51510.94485175499
5/3/15,2015.0,48370.28697411751
5/4/15,2015.0,45124.52181983749
5/5/15,2015.0,48370.28697411751
5/6/15,2015.0,45124.52181983749
5/8/15,2015.0,45967.55813438749
5/9/15,2015.0,49542.362043667505
5/10/15,2015.0,45967.55813438749
5/11/15,2015.0,49542.362043667505
5/12/15,2015.0,46810.59444893749
5/13/15,2015.0,50714.43711321751
5/14/15,2015.0,47653.63076348748
5/15/15,2015.0,51886.5121827675
5/17/15,2015.0,57478.06517033999
5/19/15,2015.0,59208.11558551001
5/20/15,2015.0,43929.77868325999
5/21/15,2015.0,59208.11558551001
5/22/15,2015.0,43929.77868325999
5/23/15,2015.0,60852.00227451
5/24/15,2015.0,44483.72017685999
5/25/15,2015.0,60852.00227451
5/26/15,2015.0,44483.72017685999
5/27/15,2015.0,62495.888963510006
6/4/15,2015.0,53351.562153959996
6/7/15,2015.0,53351.562153959996
6/9/15,2015.0,55517.71711996
6/11/15,2015.0,55517.71711996
6/14/15,2015.0,57683.87208596
6/16/15,2015.0,59850.02705196
10/27/15,2016.0,918.1542573166666
10/28/15,2016.0,929.9493501325
10/29/15,2016.0,1265.9269189516665
10/30/15,2016.0,1567.7486803375002
10/31/15,2016.0,1798.0564740258333
11/1/15,2016.0,2318.3575449071427
11/2/15,2016.0,2548.492902336428
11/3/15,2016.0,2784.4978655007144
11/4/15,2016.0,2838.7401312005004
11/5/15,2016.0,3913.810592531
11/6/15,2016.0,3605.22549319
11/7/15,2016.0,3835.2112729572223
11/8/15,2016.0,4132.8112761997
11/9/15,2016.0,4226.740464867144
11/10/15,2016.0,4656.105967728357
11/11/15,2016.0,5082.519254593047
11/12/15,2016.0,5350.805004755
11/13/15,2016.0,5738.692684418499
11/14/15,2016.0,5813.238601789286
11/15/15,2016.0,6705.719384972644
11/16/15,2016.0,6720.044428783916
11/17/15,2016.0,7109.542064567856
11/18/15,2016.0,7657.265130921
11/19/15,2016.0,5466.712309171667
11/20/15,2016.0,8295.114604771228
11/21/15,2016.0,6950.418787872857
11/22/15,2016.0,9011.383407920583
11/23/15,2016.0,7676.815779514999
11/24/15,2016.0,8611.952590578083
11/25/15,2016.0,8772.954331127085
11/27/15,2016.0,8875.987922489583
11/28/15,2016.0,10791.827946631927
11/29/15,2016.0,9993.414925552937
11/30/15,2016.0,10814.517513822499
12/1/15,2016.0,11209.781252318084
12/2/15,2016.0,10910.412589243168
12/3/15,2016.0,11856.674985749998
12/4/15,2016.0,11237.180212667832
12/5/15,2016.0,11478.311325978002
12/6/15,2016.0,12148.0831608861
12/7/15,2016.0,12022.038701225947
12/8/15,2016.0,13193.050494109499
12/9/15,2016.0,12593.08561536685
12/10/15,2016.0,12252.47537740925
12/11/15,2016.0,13540.12783765123
12/12/15,2016.0,14175.92307020561
12/13/15,2016.0,13493.019780705003
12/14/15,2016.0,14354.502793249198
12/15/15,2016.0,14850.903598897123
12/16/15,2016.0,14988.479590626417
12/17/15,2016.0,15090.813980951169
12/18/15,2016.0,15716.865007241418
12/19/15,2016.0,14822.340563961701
12/20/15,2016.0,16178.595801815283
12/21/15,2016.0,16542.218523613
12/22/15,2016.0,16352.135819238376
12/23/15,2016.0,17272.735756068498
12/25/15,2016.0,17712.5030497287
12/26/15,2016.0,17319.59469207015
12/27/15,2016.0,19886.890886378376
12/28/15,2016.0,17452.13172128686
12/29/15,2016.0,17742.167280612
12/30/15,2016.0,18739.04237055405
12/31/15,2016.0,19944.27941449167
1/1/16,2016.0,17899.089675942705
1/2/16,2016.0,19427.91905039246
1/3/16,2016.0,19803.3744645467
1/4/16,2016.0,20167.8480160437
1/5/16,2016.0,20286.94917479463
1/6/16,2016.0,20385.218821857456
1/7/16,2016.0,21289.596004119623
1/8/16,2016.0,21504.016470111055
1/9/16,2016.0,20028.912553773862
1/10/16,2016.0,22429.729946578722
1/11/16,2016.0,20622.22162615567
1/12/16,2016.0,22263.488050471064
1/13/16,2016.0,22703.38375555305
1/14/16,2016.0,22218.128560736415
1/15/16,2016.0,22820.40166207467
1/16/16,2016.0,23196.990640298627
1/17/16,2016.0,25096.7371943057
1/18/16,2016.0,23367.308102171053
1/19/16,2016.0,24555.0692564725
1/20/16,2016.0,24525.50713903082
1/21/16,2016.0,24014.243861308998
1/22/16,2016.0,25045.441745938057
1/23/16,2016.0,24810.187126699002
1/24/16,2016.0,25102.55948002925
1/25/16,2016.0,25197.179195628167
1/26/16,2016.0,25263.425363010938
1/27/16,2016.0,27280.400091484626
1/28/16,2016.0,24542.563919967
1/29/16,2016.0,27717.912322859564
1/30/16,2016.0,25309.250761630283
1/31/16,2016.0,28963.656555571717
2/1/16,2016.0,26255.034089632118
2/2/16,2016.0,29366.538060446397
2/3/16,2016.0,27742.752427165364
2/4/16,2016.0,28985.562754431754
2/5/16,2016.0,27667.535732424913
2/6/16,2016.0,29018.640261537752
2/7/16,2016.0,29866.99550226338
2/8/16,2016.0,29017.226693756755
2/9/16,2016.0,30711.90776354541
2/10/16,2016.0,30160.719400426457
2/11/16,2016.0,29310.078345329253
2/18/16,2016.0,28918.4034091545
2/19/16,2016.0,31075.697952111288
2/20/16,2016.0,32197.540706603002
2/21/16,2016.0,30903.173298136106
2/22/16,2016.0,31970.0369735265
2/23/16,2016.0,31879.1662249508
2/24/16,2016.0,31605.673424060245
2/25/16,2016.0,34884.931175911515
2/26/16,2016.0,31211.998325643628
2/27/16,2016.0,34401.440677938626
2/28/16,2016.0,31591.197471425294
2/29/16,2016.0,32636.99085983393
3/1/16,2016.0,34964.70225451459
3/2/16,2016.0,34415.725397442184
3/3/16,2016.0,36493.54046549213
3/4/16,2016.0,33901.15245700845
3/5/16,2016.0,34065.86182751281
3/6/16,2016.0,35992.12806961794
3/7/16,2016.0,35211.34224821215
3/8/16,2016.0,37142.25092851993
3/9/16,2016.0,35880.46007768267
3/10/16,2016.0,35422.448014293
3/11/16,2016.0,37069.9620396646
3/12/16,2016.0,36804.430793379215
3/13/16,2016.0,35853.969256337194
3/14/16,2016.0,37382.61366312228
3/15/16,2016.0,36792.5894082915
3/16/16,2016.0,37914.45725719616
3/17/16,2016.0,36778.949234296124
3/18/16,2016.0,39471.04976016838
3/19/16,2016.0,38019.67270963495
3/20/16,2016.0,38806.09165132758
3/21/16,2016.0,38410.840186194284
3/22/16,2016.0,40013.97054738226
3/23/16,2016.0,40024.87080663605
3/24/16,2016.0,39091.90151024019
3/25/16,2016.0,40919.49198206913
3/26/16,2016.0,39663.31561782595
3/27/16,2016.0,40795.79693751141
3/28/16,2016.0,42081.09336283481
3/29/16,2016.0,39241.94245260567
3/30/16,2016.0,42451.144782295836
3/31/16,2016.0,42077.53827143875
4/1/16,2016.0,41351.31904494659
4/2/16,2016.0,41153.767691801695
4/3/16,2016.0,42803.844937893315
4/5/16,2016.0,43371.78671247068
4/6/16,2016.0,42689.57850309913
4/7/16,2016.0,45831.99696435001
4/8/16,2016.0,42563.555443713805
4/9/16,2016.0,46105.08761053949
4/10/16,2016.0,43634.99383167646
4/11/16,2016.0,44965.142405206054
4/12/16,2016.0,43144.9263697741
4/13/16,2016.0,45115.74872972104
4/16/16,2016.0,46627.89172628215
4/17/16,2016.0,45366.59390003713
4/18/16,2016.0,46185.56622710952
4/19/16,2016.0,48590.1903101775
4/20/16,2016.0,44080.28773453118
4/21/16,2016.0,46943.32186877618
4/22/16,2016.0,45030.04137580284
4/23/16,2016.0,45924.41227786714
4/24/16,2016.0,47428.02905767714
4/25/16,2016.0,48679.81942204784
4/26/16,2016.0,44057.98860186251
4/27/16,2016.0,51744.45955924669
4/28/16,2016.0,50765.17507170001
4/29/16,2016.0,46391.22611648834
4/30/16,2016.0,51805.95919084849
5/1/16,2016.0,48206.27581097668
5/2/16,2016.0,47162.6951044985
5/3/16,2016.0,52193.852166295015
5/4/16,2016.0,42519.43101814851
5/5/16,2016.0,47742.38241506501
5/6/16,2016.0,47649.37599649851
5/7/16,2016.0,53077.91613899502
5/8/16,2016.0,47649.37599649851
5/9/16,2016.0,53077.91613899502
5/10/16,2016.0,52644.79977164849
5/11/16,2016.0,53961.98011169502
5/12/16,2016.0,53064.22006204849
5/13/16,2016.0,51438.799406065016
5/15/16,2016.0,52670.93840306502
5/16/16,2016.0,55903.0556156485
5/17/16,2016.0,41322.51249418351
5/18/16,2016.0,55903.0556156485
5/19/16,2016.0,41322.51249418351
5/21/16,2016.0,41511.80211958351
5/22/16,2016.0,57290.6038426485
5/23/16,2016.0,41511.80211958351
5/24/16,2016.0,57290.6038426485
5/25/16,2016.0,41701.09174498351
5/26/16,2016.0,58678.1520696485
5/27/16,2016.0,41890.38137038351
5/28/16,2016.0,60065.7002966485
5/30/16,2016.0,61453.2485236485
6/2/16,2016.0,51883.14282529852
6/5/16,2016.0,51883.14282529852
6/8/16,2016.0,54049.29779129852
6/10/16,2016.0,54049.29779129852
6/13/16,2016.0,56215.452757298524
6/16/16,2016.0,58381.607723298526
6/19/16,2016.0,60547.76268929853
10/25/16,2017.0,540.0061135000001
10/26/16,2017.0,781.262749065
10/27/16,2017.0,869.8919046637501
10/28/16,2017.0,1494.5012339500004
10/29/16,2017.0,1442.3723459061111
10/30/16,2017.0,2120.972210665
10/31/16,2017.0,2291.54439795
11/1/16,2017.0,2426.539444283889
11/2/16,2017.0,2685.211258655
11/3/16,2017.0,3257.7018363800007
11/4/16,2017.0,3539.3353035005553
11/5/16,2017.0,3575.7552496193753
11/6/16,2017.0,4534.6073042
11/7/16,2017.0,4139.103432683572
11/8/16,2017.0,4900.4233911258325
11/9/16,2017.0,4877.440766508045
11/10/16,2017.0,5965.05585455125
11/11/16,2017.0,5082.3465502174995
11/12/16,2017.0,5711.906754490318
11/13/16,2017.0,6821.8245844699995
11/14/16,2017.0,6344.898851480439
11/15/16,2017.0,6313.420184179699
11/16/16,2017.0,6846.24585571909
11/17/16,2017.0,7080.191390437001
11/18/16,2017.0,7892.367800255849
11/19/16,2017.0,8262.012531459999
11/20/16,2017.0,8350.94666477225
11/21/16,2017.0,8460.772254822776
11/22/16,2017.0,8956.924568500875
11/23/16,2017.0,9283.71239500323
11/25/16,2017.0,9636.722328646132
11/26/16,2017.0,10068.582795531
11/27/16,2017.0,10065.638249700252
11/28/16,2017.0,10448.394245554999
11/29/16,2017.0,10952.581197523918
11/30/16,2017.0,11680.560754911501
12/1/16,2017.0,11293.755426930584
12/2/16,2017.0,11502.688227734445
12/3/16,2017.0,12461.384641370221
12/4/16,2017.0,12042.432624451252
12/5/16,2017.0,12565.751889422001
12/6/16,2017.0,13003.461458948332
12/7/16,2017.0,13136.6066800447
12/8/16,2017.0,13718.959720565583
12/9/16,2017.0,13952.765173044447
12/10/16,2017.0,13839.3358554192
12/11/16,2017.0,15684.776484241002
12/12/16,2017.0,14630.48989079957
12/13/16,2017.0,15112.593125963918
12/14/16,2017.0,14914.420286933853
12/15/16,2017.0,16076.676482257699
12/16/16,2017.0,15557.64232086985
12/17/16,2017.0,16714.0450273955
12/18/16,2017.0,16211.860511977642
12/19/16,2017.0,16337.390314686001
12/20/16,2017.0,16893.636597529723
12/21/16,2017.0,17128.96576054294
12/22/16,2017.0,19128.0845637947
12/23/16,2017.0,18115.21514310836
12/25/16,2017.0,19986.788359207003
12/26/16,2017.0,17611.514051918813
12/27/16,2017.0,21589.66760895125
12/28/16,2017.0,19092.937139291196
12/29/16,2017.0,19396.227094717502
12/30/16,2017.0,19845.8353624612
12/31/16,2017.0,19116.240763200836
1/1/17,2017.0,21253.8880879817
1/2/17,2017.0,19345.243549761057
1/3/17,2017.0,21679.750159888754
1/4/17,2017.0,20812.62659486193
1/5/17,2017.0,22509.155180302125
1/6/17,2017.0,20983.92009321106
1/7/17,2017.0,22669.37289428214
1/8/17,2017.0,21837.581187706888
1/9/17,2017.0,23960.913043221673
1/10/17,2017.0,22358.49762099244
1/11/17,2017.0,22466.158238578082
1/12/17,2017.0,23297.163164265337
1/13/17,2017.0,23085.25748251467
1/14/17,2017.0,23350.7772716047
1/15/17,2017.0,24707.91864509193
1/16/17,2017.0,22953.24432617411
1/17/17,2017.0,25866.8078488407
1/18/17,2017.0,24467.812842814674
1/19/17,2017.0,24580.374959736004
1/20/17,2017.0,25276.079289204503
1/21/17,2017.0,24470.03536478836
1/22/17,2017.0,27816.74886173
1/23/17,2017.0,25435.797818261333
1/24/17,2017.0,25636.30645244
1/25/17,2017.0,26612.433224018045
1/26/17,2017.0,29993.304063643754
1/27/17,2017.0,25684.85161641855
1/28/17,2017.0,27960.658906408356
1/29/17,2017.0,27140.32202940712
1/30/17,2017.0,27584.62126804642
1/31/17,2017.0,29654.21540597534
2/1/17,2017.0,28025.13614309058
2/2/17,2017.0,29972.95510423375
2/3/17,2017.0,30285.483175160785
2/4/17,2017.0,28260.683833184197
2/5/17,2017.0,31516.14564980067
2/6/17,2017.0,29968.762064867457
2/7/17,2017.0,31699.06904062734
2/8/17,2017.0,29626.092099866713
2/9/17,2017.0,31530.721304938703
2/10/17,2017.0,30540.904223574507
2/11/17,2017.0,31847.72559678813
2/12/17,2017.0,30654.984876579252
2/13/17,2017.0,32210.535246497773
2/14/17,2017.0,31061.91911840333
2/15/17,2017.0,33051.47065823636
2/16/17,2017.0,28549.393842047502
2/23/17,2017.0,32944.21278863425
2/24/17,2017.0,33696.81386292736
2/25/17,2017.0,32357.302066385684
2/26/17,2017.0,34824.08677689276
2/27/17,2017.0,33432.70856110907
2/28/17,2017.0,35031.61948933392
3/1/17,2017.0,33549.11479193005
3/2/17,2017.0,37361.70205208117
3/3/17,2017.0,35128.12139519706
3/4/17,2017.0,34801.60081377713
3/5/17,2017.0,36343.971036098854
3/6/17,2017.0,35304.4061697614
3/7/17,2017.0,39509.93517447117
3/8/17,2017.0,36154.80044291187
3/9/17,2017.0,38803.096730323705
3/10/17,2017.0,36046.731460697316
3/11/17,2017.0,37611.99108918504
3/12/17,2017.0,37968.96393876175
3/13/17,2017.0,37959.092798775
3/14/17,2017.0,37904.2673489415
3/15/17,2017.0,39555.5146251172
3/16/17,2017.0,39051.183170102326
3/17/17,2017.0,38788.51376807862
3/18/17,2017.0,39876.12654373919
3/19/17,2017.0,40102.51916297219
3/20/17,2017.0,40630.253063675285
3/21/17,2017.0,41957.588051900944
3/22/17,2017.0,38126.6244885065
3/23/17,2017.0,42827.29269685221
3/24/17,2017.0,40025.61681710891
3/25/17,2017.0,42535.2365709661
3/26/17,2017.0,42831.15778721576
3/27/17,2017.0,41339.76712061092
3/28/17,2017.0,42572.31122346051
3/29/17,2017.0,42653.326478112045
3/30/17,2017.0,44284.313966539805
3/31/17,2017.0,42627.29781224552
4/1/17,2017.0,45767.9128217108
4/2/17,2017.0,43335.68841791717
4/3/17,2017.0,52763.7671899835
4/4/17,2017.0,43946.778432794046
4/5/17,2017.0,46173.055093574374
4/6/17,2017.0,43348.68434858683
4/7/17,2017.0,46251.78403703117
4/8/17,2017.0,45093.01252728719
4/9/17,2017.0,46654.89946160958
4/10/17,2017.0,45138.23097597822
4/11/17,2017.0,48825.9368626467
4/12/17,2017.0,46910.56905757282
4/15/17,2017.0,45464.51220356001
4/16/17,2017.0,48669.88922584463
4/17/17,2017.0,43873.832499507495
4/18/17,2017.0,45672.07692634168
4/19/17,2017.0,50591.23664652617
4/20/17,2017.0,43799.004791658335
4/21/17,2017.0,49610.44575752167
4/22/17,2017.0,47998.409577549624
4/23/17,2017.0,47198.427413505
4/24/17,2017.0,47916.02539101284
4/25/17,2017.0,51790.954279575
4/26/17,2017.0,44249.07046289
4/27/17,2017.0,46778.02987646001
4/28/17,2017.0,47807.12863668168
4/30/17,2017.0,50217.763708157516
5/1/17,2017.0,46732.57689738999
5/2/17,2017.0,50177.60908510001
5/3/17,2017.0,46732.57689738999
5/4/17,2017.0,50374.620605450014
5/5/17,2017.0,46920.45329138999
5/6/17,2017.0,54626.84360955001
5/7/17,2017.0,46854.007954043336
5/8/17,2017.0,54626.84360955001
5/9/17,2017.0,52509.70680145499
5/10/17,2017.0,47115.14032005002
5/11/17,2017.0,52696.16996405498
5/12/17,2017.0,47509.16336075001
5/14/17,2017.0,55910.563442019986
5/15/17,2017.0,47903.18640145002
5/16/17,2017.0,55910.563442019986
5/17/17,2017.0,46091.643789625006
5/19/17,2017.0,46091.643789625006
5/20/17,2017.0,57401.20852901998
5/21/17,2017.0,46642.174979025
5/22/17,2017.0,57401.20852901998
5/23/17,2017.0,46642.174979025
5/25/17,2017.0,47192.706168425
6/1/17,2017.0,52303.66136756999
6/4/17,2017.0,52303.66136756999
6/7/17,2017.0,54469.816333569994
6/9/17,2017.0,54469.816333569994
6/12/17,2017.0,56635.971299569996
10/17/17,2018.0,1175.214370825
10/18/17,2018.0,815.2665303368183
10/19/17,2018.0,722.7766605333333
10/20/17,2018.0,1576.5949605600001
10/21/17,2018.0,1528.9835528777273
10/22/17,2018.0,2457.7098970666666
10/23/17,2018.0,1864.444235406875
10/24/17,2018.0,2887.5447779583337
10/25/17,2018.0,2643.0504437655004
10/26/17,2018.0,2907.2873729499997
10/27/17,2018.0,3531.7032321362144
10/28/17,2018.0,3235.306526800625
10/29/17,2018.0,3820.2518053217145
10/30/17,2018.0,4082.4413069503885
10/31/17,2018.0,3946.6640458817496
11/1/17,2018.0,4640.302629275709
11/2/17,2018.0,5753.959647600001
11/3/17,2018.0,5178.574654640458
11/4/17,2018.0,5616.3490916197
11/5/17,2018.0,5855.4084635525
11/6/17,2018.0,6772.807394348999
11/7/17,2018.0,5986.093551036551
11/8/17,2018.0,6721.195396997
11/9/17,2018.0,7389.4393655577005
11/10/17,2018.0,6695.290628470249
11/11/17,2018.0,7481.9248408554995
11/12/17,2018.0,7437.624595517499
11/13/17,2018.0,7930.919373728723
11/14/17,2018.0,9042.188649000667
11/15/17,2018.0,8294.86523664318
11/16/17,2018.0,9645.6654673775
11/17/17,2018.0,8859.450842128545
11/18/17,2018.0,10028.353625251213
11/19/17,2018.0,9375.691922125918
11/20/17,2018.0,9733.667411938364
11/21/17,2018.0,9760.3361201
11/22/17,2018.0,10588.391701618499
11/24/17,2018.0,10664.256228630053
11/25/17,2018.0,11476.902456971853
11/26/17,2018.0,11471.285821915668
11/27/17,2018.0,11730.535023360877
11/28/17,2018.0,12149.8987844624
11/29/17,2018.0,11738.3772126697
11/30/17,2018.0,12292.5686421244
12/1/17,2018.0,13606.663931956065
12/2/17,2018.0,12741.056757357563
12/3/17,2018.0,13936.743692890997
12/4/17,2018.0,13431.223147119004
12/5/17,2018.0,12676.611749267831
12/6/17,2018.0,14578.843153024349
12/7/17,2018.0,14081.628771510126
12/8/17,2018.0,14756.566907761688
12/9/17,2018.0,14397.350095921047
12/10/17,2018.0,15386.481295213087
12/11/17,2018.0,16225.768019404168
12/12/17,2018.0,15257.065028649356
12/13/17,2018.0,16326.016051124665
12/14/17,2018.0,16559.149662761098
12/15/17,2018.0,16618.741866409455
12/16/17,2018.0,16757.41083318319
12/17/17,2018.0,17025.244636981748
12/18/17,2018.0,17234.584250383396
12/19/17,2018.0,18742.323935083332
12/20/17,2018.0,18383.755607165753
12/21/17,2018.0,17066.9522410181
12/22/17,2018.0,18776.379964573058
12/23/17,2018.0,19591.050486453383
12/25/17,2018.0,18895.062207629402
12/26/17,2018.0,20020.553206891127
12/27/17,2018.0,19901.268808485103
12/28/17,2018.0,20191.8911430354
12/29/17,2018.0,20620.155980236337
12/30/17,2018.0,20507.130240789145
12/31/17,2018.0,21137.666162633377
1/1/18,2018.0,22450.972613264254
1/2/18,2018.0,21496.0639775974
1/3/18,2018.0,21433.53651680717
1/4/18,2018.0,22780.738178419997
1/5/18,2018.0,22174.1897739464
1/6/18,2018.0,23101.20655450194
1/7/18,2018.0,22639.6642818791
1/8/18,2018.0,23429.50047099132
1/9/18,2018.0,24233.32849564375
1/10/18,2018.0,23487.32645915646
1/11/18,2018.0,24749.274762164998
1/12/18,2018.0,23973.23970247456
1/13/18,2018.0,24283.505196615788
1/14/18,2018.0,24619.1616741005
1/15/18,2018.0,24493.597690125996
1/16/18,2018.0,26413.010154548378
1/17/18,2018.0,25667.51108150195
1/18/18,2018.0,25495.762301585
1/19/18,2018.0,25580.35711421779
1/20/18,2018.0,26293.591982967617
1/21/18,2018.0,25656.793067008126
1/22/18,2018.0,27312.729490045225
1/23/18,2018.0,27728.073473309505
1/24/18,2018.0,26997.445041658724
1/25/18,2018.0,28638.244289644754
1/26/18,2018.0,27279.809766330603
1/27/18,2018.0,26932.868876603643
1/28/18,2018.0,28462.906981690005
1/29/18,2018.0,27330.117057243086
1/30/18,2018.0,30042.65917650272
1/31/18,2018.0,28134.24941729388
2/1/18,2018.0,28764.907919851703
2/2/18,2018.0,29971.350961870507
2/3/18,2018.0,30293.485661005227
2/4/18,2018.0,29534.150368206832
2/5/18,2018.0,30840.567291125288
2/6/18,2018.0,29523.28130047869
2/7/18,2018.0,30730.688437690806
2/8/18,2018.0,31412.663847684253
2/9/18,2018.0,31877.193702115055
2/10/18,2018.0,31352.77841595822
2/11/18,2018.0,31897.549740958624
2/12/18,2018.0,31805.336488955756
2/13/18,2018.0,32959.95907574033
2/14/18,2018.0,32378.923544950798
2/15/18,2018.0,35481.289838456
2/22/18,2018.0,32866.10786609517
2/23/18,2018.0,33400.6675693205
2/24/18,2018.0,35264.37633984987
2/25/18,2018.0,32705.3636050314
2/26/18,2018.0,34189.02677713595
2/27/18,2018.0,34383.76111512792
2/28/18,2018.0,33667.70245884205
3/1/18,2018.0,38210.90171517138
3/2/18,2018.0,34145.2398608776
3/3/18,2018.0,37056.964391976006
3/4/18,2018.0,34417.922287633504
3/5/18,2018.0,35884.6040466753
3/6/18,2018.0,36386.25888185369
3/7/18,2018.0,36338.807022770074
3/8/18,2018.0,37613.490270569106
3/9/18,2018.0,37071.2505608691
3/10/18,2018.0,37551.364644764006
3/11/18,2018.0,37699.883292402
3/12/18,2018.0,40105.83875757087
3/13/18,2018.0,37673.4852985606
3/14/18,2018.0,40860.71941084838
3/15/18,2018.0,37535.96654974011
3/16/18,2018.0,40298.46925779818
3/17/18,2018.0,38672.010191214686
3/18/18,2018.0,42532.92012215964
3/19/18,2018.0,38718.64889138913
3/20/18,2018.0,41473.70772763815
3/21/18,2018.0,38176.81850138082
3/22/18,2018.0,41201.045024968924
3/23/18,2018.0,40631.8547773925
3/24/18,2018.0,41973.464840615845
3/25/18,2018.0,41390.711549747946
3/26/18,2018.0,42620.9633717168
3/27/18,2018.0,42066.38699073818
3/28/18,2018.0,43386.2320773562
3/29/18,2018.0,41180.885866004704
3/30/18,2018.0,44323.43512710174
3/31/18,2018.0,41483.39937158591
4/1/18,2018.0,43508.035760271516
4/3/18,2018.0,43899.39616233962
4/4/18,2018.0,43857.3733485295
4/5/18,2018.0,44940.048652853504
4/6/18,2018.0,44135.009411950254
4/7/18,2018.0,45706.52478588634
4/8/18,2018.0,44292.76969471365
4/9/18,2018.0,45563.195467911675
4/10/18,2018.0,45900.738227392256
4/11/18,2018.0,46493.80361624405
4/14/18,2018.0,47680.57026407088
4/15/18,2018.0,47245.10713987675
4/16/18,2018.0,47783.69323260501
4/17/18,2018.0,46951.25256898734
4/18/18,2018.0,47760.521814539505
4/19/18,2018.0,51443.70010263334
4/20/18,2018.0,42681.236808434005
4/21/18,2018.0,52152.95901539338
4/22/18,2018.0,44762.49132575426
4/23/18,2018.0,52643.49531569425
4/24/18,2018.0,49331.33687963284
4/25/18,2018.0,47326.7901694505
4/26/18,2018.0,48272.5150855885
4/27/18,2018.0,45111.94731325401
4/28/18,2018.0,52430.50227484426
4/29/18,2018.0,47175.637809431755
4/30/18,2018.0,47395.468180285
5/1/18,2018.0,48665.576688984256
5/2/18,2018.0,53382.72964293349
5/3/18,2018.0,44498.008042026755
5/4/18,2018.0,56118.91938406675
5/5/18,2018.0,44729.47633737676
5/6/18,2018.0,56118.91938406675
5/7/18,2018.0,44729.47633737676
5/8/18,2018.0,57681.171209566746
5/9/18,2018.0,47942.76211088501
5/13/18,2018.0,47761.28792921001
5/14/18,2018.0,57030.62438338499
5/15/18,2018.0,47761.28792921001
5/16/18,2018.0,57030.62438338499
5/19/18,2018.0,48311.81911861001
5/20/18,2018.0,58674.511072384994
5/21/18,2018.0,48311.81911861001
5/22/18,2018.0,58674.511072384994
5/23/18,2018.0,48862.350308010005
5/24/18,2018.0,60318.397761384986
5/25/18,2018.0,49412.88149741
5/26/18,2018.0,61962.28445038499
5/27/18,2018.0,49963.41268681
5/28/18,2018.0,63606.171139384984
5/31/18,2018.0,58220.57592632001
6/3/18,2018.0,58220.57592632001
6/6/18,2018.0,60386.73089232001
6/8/18,2018.0,60386.73089232001
10/16/18,2019.0,875.480393825
10/17/18,2019.0,1009.4204156863639
10/18/18,2019.0,558.5830788833333
10/19/18,2019.0,1617.9610679165
10/20/18,2019.0,1573.0344176047
10/21/18,2019.0,2421.5066078625
10/22/18,2019.0,2231.459195633
10/23/18,2019.0,2020.6913062333335
10/24/18,2019.0,3045.646161649727
10/25/18,2019.0,2556.3847901374997
10/26/18,2019.0,3477.036402121714
10/27/18,2019.0,3299.2450447944448
10/28/18,2019.0,4213.282790613375
10/29/18,2019.0,4255.029149866
10/30/18,2019.0,4062.4564346818756
10/31/18,2019.0,5136.560342484642
11/1/18,2019.0,4635.289493650001
11/2/18,2019.0,5869.726310012188
11/3/18,2019.0,4909.90995070875
11/4/18,2019.0,6124.222084924144
11/5/18,2019.0,6161.573343329499
11/6/18,2019.0,6166.8927919630005
11/7/18,2019.0,6781.9713532387
11/8/18,2019.0,7138.511721299625
11/9/18,2019.0,6728.660248870286
11/10/18,2019.0,7740.818243111751
11/11/18,2019.0,7386.144243119498
11/12/18,2019.0,8552.791720718944
11/13/18,2019.0,7238.720205982834
11/14/18,2019.0,8483.138680626273
11/15/18,2019.0,9609.9881380495
11/16/18,2019.0,9409.248603664875
11/17/18,2019.0,9760.151384909548
11/18/18,2019.0,10262.057574010101
11/19/18,2019.0,9831.505736832221
11/20/18,2019.0,10767.463988624751
11/21/18,2019.0,10474.268772224426
11/23/18,2019.0,11007.631281399108
11/24/18,2019.0,11172.266096831929
11/25/18,2019.0,12181.293082029873
11/26/18,2019.0,11049.449998671214
11/27/18,2019.0,12591.5562657694
11/28/18,2019.0,12055.501628531898
11/29/18,2019.0,15522.132672351167
11/30/18,2019.0,12288.59155618109
12/1/18,2019.0,12939.160326609644
12/2/18,2019.0,13805.3257897875
12/3/18,2019.0,13734.349064948929
12/4/18,2019.0,14886.710703885003
12/5/18,2019.0,13779.348096977052
12/6/18,2019.0,16174.216881187334
12/7/18,2019.0,14056.028574326052
12/8/18,2019.0,15673.964073974166
12/9/18,2019.0,14017.986790879251
12/10/18,2019.0,15626.909901430772
12/11/18,2019.0,18423.110563770002
12/12/18,2019.0,15384.933285492361
12/13/18,2019.0,18008.4263060425
12/14/18,2019.0,15942.018487081226
12/15/18,2019.0,17417.329492995716
12/16/18,2019.0,16542.931112198214
12/17/18,2019.0,17887.999376490687
12/18/18,2019.0,16854.32637155138
12/19/18,2019.0,17511.246635850086
12/20/18,2019.0,19087.28242525
12/21/18,2019.0,18527.36019748275
12/22/18,2019.0,19063.321647255503
12/23/18,2019.0,19042.7393240631
12/25/18,2019.0,19639.1746129951
12/26/18,2019.0,19219.24470960605
12/27/18,2019.0,20865.005691916103
12/28/18,2019.0,19520.285498244553
12/29/18,2019.0,20676.615236275666
12/30/18,2019.0,20215.827442101672
12/31/18,2019.0,21301.235880597644
1/1/19,2019.0,21519.660357687404
1/2/19,2019.0,20239.156627738386
1/3/19,2019.0,23156.509067147836
1/4/19,2019.0,22119.010568663252
1/5/19,2019.0,21607.72890350419
1/6/19,2019.0,22290.856944358642
1/7/19,2019.0,23442.44007162094
1/8/19,2019.0,22501.496896528817
1/9/19,2019.0,22916.866115976547
1/10/19,2019.0,24526.89684109
1/11/19,2019.0,22791.705529597333
1/12/19,2019.0,24687.44506472625
1/13/19,2019.0,24181.085528549356
1/14/19,2019.0,25212.97305241009
1/15/19,2019.0,24338.120215312254
1/16/19,2019.0,25565.814508328
1/17/19,2019.0,25038.03673631534
1/18/19,2019.0,26117.374530589852
1/19/19,2019.0,25128.2407869695
1/20/19,2019.0,26585.87573207167
1/21/19,2019.0,26001.167326769184
1/22/19,2019.0,29668.54517567
1/23/19,2019.0,25960.59033748025
1/24/19,2019.0,29391.559352884626
1/25/19,2019.0,26809.2294774581
1/26/19,2019.0,28422.30209885071
1/27/19,2019.0,28601.103181857117
1/28/19,2019.0,27737.8901088616
1/29/19,2019.0,27466.438259941493
1/30/19,2019.0,28624.480135231126
1/31/19,2019.0,28661.207808542338
2/1/19,2019.0,28787.8353962728
2/2/19,2019.0,28924.167520058665
2/3/19,2019.0,31394.502681686336
2/4/19,2019.0,29521.798233896745
2/5/19,2019.0,29400.754244053005
2/6/19,2019.0,30284.00994822485
2/7/19,2019.0,32839.6147930875
2/8/19,2019.0,29406.172580947874
2/9/19,2019.0,30722.134808538773
2/10/19,2019.0,32540.1503332337
2/11/19,2019.0,29826.257058085506
2/12/19,2019.0,33439.2110558337
2/13/19,2019.0,31033.100229061183
2/14/19,2019.0,31975.195758297996
2/21/19,2019.0,32349.494200480665
2/22/19,2019.0,32697.30820293989
2/23/19,2019.0,32329.23081785742
2/24/19,2019.0,35966.461302618
2/25/19,2019.0,33481.18317330705
2/26/19,2019.0,34037.18356029633
2/27/19,2019.0,34582.56139830705
2/28/19,2019.0,33521.50347108792
3/1/19,2019.0,35108.40994029579
3/2/19,2019.0,35034.488049882515
3/3/19,2019.0,34329.736184163005
3/4/19,2019.0,37528.94136057329
3/5/19,2019.0,35916.251239238925
3/6/19,2019.0,35121.5692678033
3/7/19,2019.0,35426.995811685
3/8/19,2019.0,35776.10593435151
3/9/19,2019.0,36761.41614680575
3/10/19,2019.0,36894.31502077178
3/11/19,2019.0,36073.28680706508
3/12/19,2019.0,37591.45112580608
3/13/19,2019.0,38372.31833043233
3/14/19,2019.0,38948.94767420166
3/15/19,2019.0,38352.28677618344
3/16/19,2019.0,38917.81081227844
3/17/19,2019.0,38376.903516864935
3/18/19,2019.0,38901.32075624123
3/19/19,2019.0,39607.105566059
3/20/19,2019.0,39129.14908613361
3/21/19,2019.0,39948.86522047058
3/22/19,2019.0,40807.14818509544
3/23/19,2019.0,40203.82755007544
3/24/19,2019.0,40600.158105364506
3/25/19,2019.0,42586.53636604137
3/26/19,2019.0,40941.85821750486
3/27/19,2019.0,43332.789025339705
3/28/19,2019.0,41560.04285109037
3/29/19,2019.0,43024.24886514476
3/30/19,2019.0,42254.5137431455
3/31/19,2019.0,43943.90337615957
4/1/19,2019.0,41293.991468501605
4/2/19,2019.0,46657.59693225676
4/3/19,2019.0,43284.91025535191
4/4/19,2019.0,43848.38127443782
4/5/19,2019.0,45009.51508885855
4/6/19,2019.0,39373.42009623274
4/7/19,2019.0,45263.823277800824
4/9/19,2019.0,45399.15568390158
4/10/19,2019.0,45813.78419391605
4/13/19,2019.0,47530.99660061687
4/14/19,2019.0,46094.5592915325
4/15/19,2019.0,47695.854926882006
4/16/19,2019.0,48813.0320286045
4/17/19,2019.0,44223.80587633999
4/18/19,2019.0,48603.23095648584
4/19/19,2019.0,47964.81590089834
4/20/19,2019.0,45681.17072284349
4/21/19,2019.0,49447.679787090885
4/22/19,2019.0,45405.630733792495
4/23/19,2019.0,48780.48315292225
4/24/19,2019.0,52873.75465977676
4/25/19,2019.0,51596.32251235351
4/26/19,2019.0,54587.11221866852
4/27/19,2019.0,47781.03652644926
4/28/19,2019.0,48814.52487570925
4/29/19,2019.0,49174.24435359251
4/30/19,2019.0,48814.52487570925
5/1/19,2019.0,55186.17811324002
5/2/19,2019.0,43499.776640744996
5/3/19,2019.0,50140.683123877505
5/4/19,2019.0,56017.3906778035
5/5/19,2019.0,49833.85656799251
5/6/19,2019.0,50065.410215159245
5/7/19,2019.0,50493.46878239251
5/8/19,2019.0,51316.295554609256
5/9/19,2019.0,51153.08099679251
5/10/19,2019.0,59305.1640558035
5/12/19,2019.0,51812.69321119251
5/14/19,2019.0,62822.881544138516
5/15/19,2019.0,43781.19121753
5/16/19,2019.0,62822.881544138516
5/17/19,2019.0,43781.19121753
5/18/19,2019.0,63358.87049253852
5/19/19,2019.0,44213.152905530005
5/20/19,2019.0,63358.87049253852
5/21/19,2019.0,44213.152905530005
5/23/19,2019.0,44645.11459353
5/25/19,2019.0,45077.07628153001
5/30/19,2019.0,56557.75079656851
6/2/19,2019.0,56557.75079656851
6/5/19,2019.0,58826.22542056851
6/7/19,2019.0,58826.22542056851
6/10/19,2019.0,61094.70004456851
6/13/19,2019.0,63363.17466856851
10/22/19,2020.0,1407.75384575
10/23/19,2020.0,713.5188810318182
10/24/19,2020.0,1257.0949877833334
10/25/19,2020.0,1489.79585035
10/26/19,2020.0,1644.73181018485
10/27/19,2020.0,2283.22897889
10/28/19,2020.0,2078.425492286228
10/29/19,2020.0,3106.4400853499997
10/30/19,2020.0,2733.615985386227
10/31/19,2020.0,3240.962904083334
11/1/19,2020.0,3036.8798796873125
11/2/19,2020.0,3887.8780467943748
11/3/19,2020.0,3664.4144503747502
11/4/19,2020.0,4617.033391466666
11/5/19,2020.0,4199.070428075834
11/6/19,2020.0,4594.099049872055
11/7/19,2020.0,4739.601768801251
11/8/19,2020.0,5526.108840754409
11/9/19,2020.0,5954.055589161
11/10/19,2020.0,5999.632008637938
11/11/19,2020.0,6328.406049066667
11/12/19,2020.0,6238.688513460437
11/13/19,2020.0,7073.08727994357
11/14/19,2020.0,7018.013712985584
11/15/19,2020.0,7259.408577844373
11/16/19,2020.0,7992.084536332937
11/17/19,2020.0,8439.764992765
11/18/19,2020.0,7816.161044805943
11/19/19,2020.0,8587.5654547125
11/20/19,2020.0,8949.486583921682
11/21/19,2020.0,9311.7762124
11/22/19,2020.0,9332.8312384255
11/23/19,2020.0,9149.391857765351
11/24/19,2020.0,9302.6803195234
11/25/19,2020.0,10232.736246789864
11/26/19,2020.0,8877.554074675001
11/27/19,2020.0,10553.313136339786
11/29/19,2020.0,10909.760416345536
11/30/19,2020.0,11555.13262469375
12/1/19,2020.0,11851.730323850612
12/2/19,2020.0,11929.203221325582
12/3/19,2020.0,12094.190306695715
12/4/19,2020.0,12484.713204146701
12/5/19,2020.0,12959.626530672125
12/6/19,2020.0,12796.387432998703
12/7/19,2020.0,12401.1693697447
12/8/19,2020.0,13765.75840452294
12/9/19,2020.0,13551.851367399833
12/10/19,2020.0,14108.104116353376
12/11/19,2020.0,14272.680338760954
12/12/19,2020.0,13408.619412478374
12/13/19,2020.0,15310.879835817614
12/14/19,2020.0,14661.729807287315
12/15/19,2020.0,15315.085945773666
12/16/19,2020.0,15330.56936094
12/17/19,2020.0,15370.121404813666
12/18/19,2020.0,16038.395101181502
12/19/19,2020.0,16532.958129758375
12/20/19,2020.0,16804.738608989697
12/21/19,2020.0,16533.548187637447
12/22/19,2020.0,16354.963636275701
12/23/19,2020.0,17630.870021183953
12/25/19,2020.0,18879.3149441177
12/26/19,2020.0,17878.77863216675
12/27/19,2020.0,17397.79195563392
12/28/19,2020.0,18718.30414570279
12/29/19,2020.0,20028.482142227003
12/30/19,2020.0,18669.11323993059
12/31/19,2020.0,19361.93026371693
1/1/20,2020.0,19059.738726956755
1/2/20,2020.0,19834.953876723725
1/3/20,2020.0,20930.520968963418
1/4/20,2020.0,20257.278650087
1/5/20,2020.0,20041.886005543398
1/6/20,2020.0,21192.815703198554
1/7/20,2020.0,20925.24242633175
1/8/20,2020.0,22030.547757617278
1/9/20,2020.0,20944.026743957125
1/10/20,2020.0,22516.015138374052
1/11/20,2020.0,21954.0405717605
1/12/20,2020.0,23074.072327211285
1/13/20,2020.0,22259.235317791932
1/14/20,2020.0,23542.377751456752
1/15/20,2020.0,23123.953093047552
1/16/20,2020.0,24909.8043649151
1/17/20,2020.0,23428.917867393357
1/18/20,2020.0,24654.96654030173
1/19/20,2020.0,24512.396592151752
1/20/20,2020.0,25102.748428420786
1/21/20,2020.0,24007.557483705
1/22/20,2020.0,25829.672573977296
1/23/20,2020.0,24572.73653747067
1/24/20,2020.0,26094.421132247182
1/25/20,2020.0,24770.7946856171
1/26/20,2020.0,26061.528254226752
1/27/20,2020.0,27046.029292288087
1/28/20,2020.0,26926.89761320594
1/29/20,2020.0,27175.354525082334
1/30/20,2020.0,28103.288255167838
1/31/20,2020.0,27543.22684293507
2/1/20,2020.0,28155.297075770806
2/2/20,2020.0,27550.369616641252
2/3/20,2020.0,27675.04617150445
2/4/20,2020.0,30141.35900347463
2/5/20,2020.0,28918.53504064878
2/6/20,2020.0,29551.020102231803
2/7/20,2020.0,30084.062139833815
2/8/20,2020.0,30006.35904225361
2/9/20,2020.0,29985.730024490364
2/10/20,2020.0,31250.528609323224
2/11/20,2020.0,30658.5806134024
2/12/20,2020.0,30907.401747065094
2/13/20,2020.0,32052.197082886756
2/20/20,2020.0,31873.945580718177
2/21/20,2020.0,31761.45571855044
2/22/20,2020.0,31837.003688334862
2/23/20,2020.0,32455.792233323857
2/24/20,2020.0,32002.41582275325
2/25/20,2020.0,33108.99025516671
2/26/20,2020.0,33107.53794972273
2/27/20,2020.0,34144.63020691725
2/28/20,2020.0,33451.603910975566
2/29/20,2020.0,34244.479250236815
3/1/20,2020.0,34858.79870393029
3/2/20,2020.0,34512.66335306722
3/3/20,2020.0,35532.30986736468
3/4/20,2020.0,34555.98170633401
3/5/20,2020.0,36986.07780404713
3/6/20,2020.0,36024.14990771595
3/7/20,2020.0,37343.66155120475
3/8/20,2020.0,35608.15825674177
3/9/20,2020.0,37015.362273448336
3/10/20,2020.0,36337.01995770289
3/11/20,2020.0,36774.68232472975
7/30/20,2020.0,39747.73498693426
7/31/20,2020.0,39201.94582585342
8/1/20,2020.0,38528.1292088881
8/2/20,2020.0,40214.26492430342
8/3/20,2020.0,39431.18469788592
8/4/20,2020.0,41039.85620227901
8/5/20,2020.0,39893.829222107925
8/6/20,2020.0,42824.65994085034
8/7/20,2020.0,42013.068441169
8/8/20,2020.0,42919.42185818841
8/9/20,2020.0,43410.24130562415
8/10/20,2020.0,42728.66849163341
8/11/20,2020.0,45334.24860713129
8/12/20,2020.0,42605.81107609426
8/13/20,2020.0,46372.29853615486
8/14/20,2020.0,43429.933486256756
8/15/20,2020.0,52424.47597039999
8/17/20,2020.0,44417.914871697256
8/18/20,2020.0,46258.396810409264
8/19/20,2020.0,44417.914871697256
8/20/20,2020.0,46258.396810409264
8/21/20,2020.0,44975.41710539726
8/22/20,2020.0,47090.20166235925
8/23/20,2020.0,44975.41710539726
8/24/20,2020.0,47090.20166235925
8/25/20,2020.0,46702.370237712516
8/29/20,2020.0,48825.107699386164
8/30/20,2020.0,46832.28602356117
8/31/20,2020.0,48595.20168369425
9/1/20,2020.0,46701.83513556426
9/2/20,2020.0,48801.77452099425
9/3/20,2020.0,46479.51989398926
9/4/20,2020.0,49982.50543479349
9/5/20,2020.0,46479.51989398926
9/6/20,2020.0,49982.50543479349
9/7/20,2020.0,47110.608972139264
9/8/20,2020.0,51304.03435779349
9/9/20,2020.0,47325.75205393926
9/10/20,2020.0,51032.4316020235
9/11/20,2020.0,47956.84113208926
9/12/20,2020.0,52407.76543402349
9/13/20,2020.0,49544.163088720015
9/15/20,2020.0,52154.51775263601
9/17/20,2020.0,53932.980423852
9/18/20,2020.0,50347.072385488515
9/19/20,2020.0,55188.36608285201
9/20/20,2020.0,50347.072385488515
9/22/20,2020.0,51178.96437818852
9/23/20,2020.0,55188.36608285201
9/24/20,2020.0,51178.96437818852
9/25/20,2020.0,56443.751741852
9/26/20,2020.0,52010.85637088852
9/27/20,2020.0,57699.13740085201
9/30/20,2020.0,57076.423385566995
10/2/20,2020.0,57076.423385566995
10/4/20,2020.0,59416.855056566994
10/6/20,2020.0,59416.855056566994
10/9/20,2020.0,61757.286727567
10/11/20,2020.0,64097.71839856699
12/22/20,2021.0,452.810159
12/23/20,2021.0,557.5546965375
12/25/20,2021.0,1150.38715482
12/26/20,2021.0,950.7464138785001
12/27/20,2021.0,1332.6700456465
12/28/20,2021.0,1641.52844534
12/29/20,2021.0,1658.1449597614999
12/30/20,2021.0,2203.540849808333
12/31/20,2021.0,2199.522692890714
1/1/21,2021.0,2543.577102118
1/2/21,2021.0,2977.274944080833
1/3/21,2021.0,2886.0977884512495
1/4/21,2021.0,3512.0179181183335
1/5/21,2021.0,3333.207261396
1/6/21,2021.0,3765.372439556227
1/7/21,2021.0,3528.990505081
1/8/21,2021.0,4516.56457634835
1/9/21,2021.0,4126.381186031251
1/10/21,2021.0,4990.966758535285
1/11/21,2021.0,4411.100299079286
1/12/21,2021.0,4819.089126415084
1/13/21,2021.0,5247.747266957428
1/14/21,2021.0,5525.7652007896995
1/15/21,2021.0,6103.288425683143
1/16/21,2021.0,5646.813423229499
1/17/21,2021.0,6447.987171954401
1/18/21,2021.0,6527.393800973388
1/19/21,2021.0,7571.32221899025
1/20/21,2021.0,6776.794823151722
1/21/21,2021.0,8146.506471559501
1/22/21,2021.0,7236.082222795681
1/23/21,2021.0,7758.981789563429
1/24/21,2021.0,7236.110534926001
1/25/21,2021.0,7473.846566450277
1/26/21,2021.0,8184.133230991167
1/27/21,2021.0,8363.9927157455
1/28/21,2021.0,7745.1485386525
1/29/21,2021.0,9056.124395604098
1/30/21,2021.0,9218.449901486876
1/31/21,2021.0,8954.686411756249
2/1/21,2021.0,9715.159829644277
2/2/21,2021.0,8901.920220130416
2/3/21,2021.0,10045.283942019203
2/4/21,2021.0,10810.7178971994
2/5/21,2021.0,9944.030078022892
2/6/21,2021.0,10840.455146790231
2/7/21,2021.0,10626.8074429074
2/8/21,2021.0,11268.135427918376
2/9/21,2021.0,11860.889721321286
2/10/21,2021.0,11335.513344659725
2/11/21,2021.0,12541.7417112367
2/12/21,2021.0,12570.70848549023
2/13/21,2021.0,12232.285108706099
2/14/21,2021.0,13174.4964890814
2/15/21,2021.0,12290.09750600557
2/16/21,2021.0,14166.736200826499
2/17/21,2021.0,13658.464378051747
2/18/21,2021.0,14636.232248272334
2/19/21,2021.0,14374.298616864166
2/20/21,2021.0,12915.038317557002
2/21/21,2021.0,15521.227580810126
2/22/21,2021.0,14024.055474382834
2/23/21,2021.0,15696.194861871947
2/24/21,2021.0,15292.992906448557
2/25/21,2021.0,15626.904503131836
2/26/21,2021.0,16015.883019467114
2/27/21,2021.0,15876.860507073001
2/28/21,2021.0,16783.5268804515
3/1/21,2021.0,16100.561586513215
3/2/21,2021.0,16827.037925529497
3/3/21,2021.0,17217.182878643598
3/4/21,2021.0,17224.404661141
3/10/21,2021.0,15768.852729795002
3/11/21,2021.0,18355.046274971002
3/12/21,2021.0,17566.67285700936
3/13/21,2021.0,18625.413278500942
3/14/21,2021.0,19155.159519149332
3/15/21,2021.0,18642.41780127719
3/16/21,2021.0,20305.10301597314
3/17/21,2021.0,19249.586362585247
3/18/21,2021.0,20292.724119693423
3/19/21,2021.0,20688.146625180103
3/20/21,2021.0,19859.238765904403
3/21/21,2021.0,20368.667416162752
3/22/21,2021.0,21186.981223511753
3/23/21,2021.0,21556.96055069292
3/24/21,2021.0,21930.664503122996
3/25/21,2021.0,22047.049103261103
3/26/21,2021.0,22852.39789295795
3/27/21,2021.0,22084.135432816944
3/28/21,2021.0,23890.984158106752
3/29/21,2021.0,23079.123624959495
3/30/21,2021.0,23088.787681576
3/31/21,2021.0,23873.59994412425
4/1/21,2021.0,23511.81857549586
4/2/21,2021.0,24981.018389241548
4/3/21,2021.0,24419.633957322814
4/4/21,2021.0,25590.356160366067
4/5/21,2021.0,25708.047133748005
4/6/21,2021.0,25341.888793612754
4/7/21,2021.0,26085.61006922995
4/8/21,2021.0,26294.843938027007
4/9/21,2021.0,26181.451420746
4/10/21,2021.0,27423.58863083158
4/11/21,2021.0,26905.029869799047
4/12/21,2021.0,27830.385032232003
4/13/21,2021.0,28051.61704567229
4/14/21,2021.0,27945.51620730318
4/15/21,2021.0,30436.52526814175
4/16/21,2021.0,28294.832845544817
4/17/21,2021.0,28580.226701984255
4/18/21,2021.0,30451.98366953263
4/19/21,2021.0,29115.87759073028
4/20/21,2021.0,31982.677302108506
4/21/21,2021.0,30248.639566691087
4/22/21,2021.0,29942.38721110117
4/23/21,2021.0,31179.851213717997
4/24/21,2021.0,30853.50920871194
4/25/21,2021.0,31582.9238838425
4/26/21,2021.0,31428.7098210315
4/27/21,2021.0,32386.054231443417
4/28/21,2021.0,32480.868605931802
4/29/21,2021.0,32925.72064753317
4/30/21,2021.0,32828.00686040413
5/1/21,2021.0,33206.13410363461
5/2/21,2021.0,33479.8554072345
5/3/21,2021.0,34087.985259524066
5/4/21,2021.0,33706.361786592286
5/5/21,2021.0,34624.24651531733
5/6/21,2021.0,33695.132800252286
5/7/21,2021.0,35869.007167245596
5/8/21,2021.0,34985.193398273004
5/9/21,2021.0,36166.117716335764
5/10/21,2021.0,35589.197279272
5/11/21,2021.0,36133.22073589105
5/12/21,2021.0,37156.867442256254
5/13/21,2021.0,36556.74362494734
5/14/21,2021.0,37455.22424119869
5/15/21,2021.0,36981.991151579576
5/16/21,2021.0,37772.246264964466
5/18/21,2021.0,35614.29422475925
5/19/21,2021.0,40152.2088766235
5/20/21,2021.0,34678.7659539085
5/21/21,2021.0,40335.20989002
5/22/21,2021.0,39760.68999033725
5/23/21,2021.0,37778.15040566225
5/24/21,2021.0,39172.04887978925
5/25/21,2021.0,40543.22884966584
5/26/21,2021.0,36727.19242514067
5/27/21,2021.0,40627.883036468505
5/28/21,2021.0,39274.84039501184
5/29/21,2021.0,39300.17235993387
5/30/21,2021.0,39778.64753471562
5/31/21,2021.0,38303.554642078496
6/1/21,2021.0,42069.969244984175
6/2/21,2021.0,39414.84384903638
6/3/21,2021.0,43613.53232925276
6/4/21,2021.0,44478.5868203235
6/5/21,2021.0,36204.898464037
6/6/21,2021.0,40369.16426876175
6/7/21,2021.0,39373.599935349506
6/8/21,2021.0,40219.4662141735
6/9/21,2021.0,42542.30140666201
6/10/21,2021.0,41180.747556892
6/11/21,2021.0,39404.980909731006
6/12/21,2021.0,46000.817328847
6/13/21,2021.0,40034.5706235995
6/14/21,2021.0,40841.558573373506
6/15/21,2021.0,37678.060027237
6/16/21,2021.0,41463.6509325735
6/17/21,2021.0,38414.64080883701
6/18/21,2021.0,42085.743291773506
6/19/21,2021.0,39151.22159043701
6/20/21,2021.0,41363.077980098504
6/22/21,2021.0,45053.70636919701
6/23/21,2021.0,38160.33637638501
6/24/21,2021.0,45412.75097579701
6/25/21,2021.0,38160.33637638501
6/26/21,2021.0,45412.75097579701
6/27/21,2021.0,38828.586246185005
6/28/21,2021.0,45771.79558239701
6/29/21,2021.0,38828.586246185005
6/30/21,2021.0,46130.84018899701
7/1/21,2021.0,39496.836115985
7/3/21,2021.0,40165.085985785
7/6/21,2021.0,42644.689282443505
7/8/21,2021.0,42644.689282443505
7/11/21,2021.0,44108.5913114435
7/14/21,2021.0,44108.5913114435
7/17/21,2021.0,45572.4933404435
7/20/21,2021.0,47036.395369443504
10/19/21,2022.0,817.333521225
10/20/21,2022.0,640.8445853863636
10/21/21,2022.0,1146.9637006
10/22/21,2022.0,1333.80458529
10/23/21,2022.0,1502.4030404624998
10/24/21,2022.0,1849.2444173458334
10/25/21,2022.0,1837.7555375966667
10/26/21,2022.0,2614.539251201
10/27/21,2022.0,2416.8286818420006
10/28/21,2022.0,3061.2184595483336
10/29/21,2022.0,2697.0694146171436
10/30/21,2022.0,3562.6851764763637
10/31/21,2022.0,3398.55868366
11/1/21,2022.0,3844.935931537222
11/2/21,2022.0,4108.758207056
11/3/21,2022.0,4332.004823205455
11/4/21,2022.0,4975.176202883
11/5/21,2022.0,4641.026186837222
11/6/21,2022.0,5533.2828397525
11/7/21,2022.0,5480.3216739075
11/8/21,2022.0,5156.861057769375
11/9/21,2022.0,7449.073103571666
11/10/21,2022.0,5822.777002860772
11/11/21,2022.0,7108.760069954999
11/12/21,2022.0,6382.683837971819
11/13/21,2022.0,6752.768545417143
11/14/21,2022.0,6925.050995730715
11/15/21,2022.0,7295.998205597728
11/16/21,2022.0,7872.850902563333
11/17/21,2022.0,7854.5471179940905
11/18/21,2022.0,7992.313501386668
11/19/21,2022.0,7862.876567774278
11/20/21,2022.0,9123.503603903166
11/21/21,2022.0,8050.813334796
11/22/21,2022.0,9145.58371970285
11/23/21,2022.0,8835.4532627175
11/24/21,2022.0,9830.171262022575
11/26/21,2022.0,10196.038253242376
11/27/21,2022.0,10683.354412308376
11/28/21,2022.0,10401.237910098998
11/29/21,2022.0,11036.310278298166
11/30/21,2022.0,10994.5170016907
12/1/21,2022.0,11647.095344257054
12/2/21,2022.0,11556.986904802401
12/3/21,2022.0,12192.466770355222
12/4/21,2022.0,12032.744280561716
12/5/21,2022.0,12483.383039081249
12/6/21,2022.0,12676.355903571546
12/7/21,2022.0,12600.999779412834
12/8/21,2022.0,12795.939958265422
12/9/21,2022.0,14429.665248489999
12/10/21,2022.0,13141.816139268554
12/11/21,2022.0,14231.990102975284
12/12/21,2022.0,13689.67197048117
12/13/21,2022.0,14231.159194079835
12/14/21,2022.0,13719.716832637625
12/15/21,2022.0,14924.062895277591
12/16/21,2022.0,14131.749614330101
12/17/21,2022.0,16818.36378260231
12/18/21,2022.0,15169.09172782386
12/19/21,2022.0,16110.034525582443
12/20/21,2022.0,16809.635918287426
12/21/21,2022.0,16162.742576707837
12/22/21,2022.0,16404.798882005332
12/23/21,2022.0,17271.677258021995
12/25/21,2022.0,17611.523144208404
12/26/21,2022.0,17342.150764238188
12/27/21,2022.0,17674.927258251006
12/28/21,2022.0,18530.550135998816
12/29/21,2022.0,18786.398308059503
12/30/21,2022.0,18845.524190835502
12/31/21,2022.0,18895.77556112855
1/1/22,2022.0,19328.25352402867
1/2/22,2022.0,19387.04935846722
1/3/22,2022.0,20246.267782026054
1/4/22,2022.0,19569.0031795584
1/5/22,2022.0,20102.05999238791
1/6/22,2022.0,21912.9191445705
1/7/22,2022.0,20151.508170651894
1/8/22,2022.0,22261.643392830083
1/9/22,2022.0,21039.856273939055
1/10/22,2022.0,21229.1260684704
1/11/22,2022.0,22592.318431743406
1/12/22,2022.0,22023.7215902306
1/13/22,2022.0,23265.162754125005
1/14/22,2022.0,22459.62935574266
1/15/22,2022.0,22651.290307225252
1/16/22,2022.0,24762.024552968334
1/17/22,2022.0,23398.110390576752
1/18/22,2022.0,24731.642464351753
1/19/22,2022.0,23450.581769676464
1/20/22,2022.0,24059.07835303567
1/21/22,2022.0,24632.268979254004
1/22/22,2022.0,23914.027131049505
1/23/22,2022.0,24887.567188221135
1/24/22,2022.0,25111.186868230103
1/25/22,2022.0,24633.962497968376
1/26/22,2022.0,25610.121231713412
1/27/22,2022.0,27666.8825872775
1/28/22,2022.0,26838.674192655755
1/29/22,2022.0,25832.29607262225
1/30/22,2022.0,27130.774896288003
1/31/22,2022.0,27489.745495605508
2/1/22,2022.0,26682.818445655364
2/2/22,2022.0,27514.966368938956
2/3/22,2022.0,28817.8963680377
2/4/22,2022.0,26936.99729936356
2/5/22,2022.0,29215.438483619004
2/6/22,2022.0,27932.795179312747
2/7/22,2022.0,28737.4694896008
2/8/22,2022.0,29590.633342460555
2/9/22,2022.0,29340.23898695617
2/10/22,2022.0,29621.713939304354
2/11/22,2022.0,29365.60362702293
2/12/22,2022.0,30291.865605093735
2/13/22,2022.0,29849.620950367505
2/14/22,2022.0,30913.968429919725
2/15/22,2022.0,30551.189543199074
2/16/22,2022.0,31584.099839281324
2/17/22,2022.0,30204.260340173754
2/24/22,2022.0,32914.458902789855
2/25/22,2022.0,31576.89624149472
2/26/22,2022.0,31235.409590357507
2/27/22,2022.0,32551.626136633993
2/28/22,2022.0,32544.353204995918
3/1/22,2022.0,32337.247205980082
3/2/22,2022.0,33415.66801440632
3/3/22,2022.0,34361.747814747585
3/4/22,2022.0,32339.689687636754
3/5/22,2022.0,35776.00037290867
3/6/22,2022.0,33333.16785307719
3/7/22,2022.0,34984.12042801007
3/8/22,2022.0,34944.7861312365
3/9/22,2022.0,35002.637402143
3/10/22,2022.0,36790.088442771004
3/11/22,2022.0,35456.77184783224
3/12/22,2022.0,35721.891696926505
3/13/22,2022.0,35990.32838246843
3/14/22,2022.0,36260.9237713934
3/15/22,2022.0,37321.723816436
3/16/22,2022.0,36985.92760422984
3/17/22,2022.0,36982.20078695849
3/18/22,2022.0,37222.31341154305
3/19/22,2022.0,34882.63913613213
3/20/22,2022.0,38767.911603345114
3/21/22,2022.0,37193.37808001845
3/22/22,2022.0,39669.93369490475
3/23/22,2022.0,39430.13413571468
3/24/22,2022.0,37413.8698526121
3/25/22,2022.0,39554.93096258107
3/26/22,2022.0,39069.764982620756
3/27/22,2022.0,40040.744207760654
3/28/22,2022.0,39935.48324408789
3/29/22,2022.0,39348.883413666495
3/30/22,2022.0,40629.50756843678
3/31/22,2022.0,40971.439119696006
4/1/22,2022.0,41506.312894869254
4/2/22,2022.0,40795.5945350622
4/3/22,2022.0,41940.685859207464
4/5/22,2022.0,41896.93553552513
4/6/22,2022.0,42427.96058107525
4/7/22,2022.0,43317.72245953722
4/8/22,2022.0,41727.79975409373
4/9/22,2022.0,44277.57243802837
4/10/22,2022.0,43251.199938348036
